#SITE;#SITE GPE;#SITE PRELEVEMENT;LAT(d);LONG(d);ID TRONCON;ID UHRH;SOURCE;CRITERE;COEF_CONSO;TYPE CHEPTEL;NOMBRE TETE;CONSOMMATION m3/an;CONSOMMATION TOTAL m3/an;NOM DU LIEU;NOM DE LEXPLOITANT;MUNICIPALITE
1;-1;-1;45.84225;-71.70415;111;250;souterain;1;0.8;Genisses laitieres,Taureaux laitiers,Taures laitieres,Vaches laitieres,;20.000000,2.000000,20.000000,90.000000,;170.100000,29.986000,232.300000,3566.700000,;3999.09;Ferme Stelica inc., bovin laitier;Ferme Stelica inc.;Saint-Adrien
2;-1;-1;45.84225;-71.70415;111;250;souterain;1;0.8;Chevres laitieres,Jument et sa progeniture non sevree,;30.000000,1.000000,;173.760000,,;173.76;Ferme Stelica inc., bovin laitier;Ferme Stelica inc.;Saint-Adrien
3;-1;-1;45.84602;-71.7001;111;250;souterain;1;0.8;Porcs a engraissement,;1450.000000,;3704.750000,;3704.75;Mario Cote inc., suide, lot 14C;Mario Cote inc.;Saint-Adrien
4;-1;-1;45.94931;-71.62123;107;241;souterain;1;0.8;Cochettes,Porcs a engraissement,Porcelets sevres,Porcelets non sevres,Verrats,;50.000000,2770.000000,1090.000000,315.000000,2.000000,;310.250000,7077.350000,994.080000,287.280000,10.950000,;8679.91;Ferme Faro inc.;Ferme Faro inc.;Saint-Fortunat
5;-1;-1;45.96313;-71.58103;62;132;souterain;1;0.8;Genisses laitieres,Taures laitieres,Vaches laitieres,Vaches laitieres,;12.000000,12.000000,32.000000,12.000000,;102.060000,139.380000,1268.160000,475.560000,;1985.16;Karyne Desharnais;Desharnais,Karyne;Saint-Fortunat
6;-1;-1;45.95521;-71.56589;62;132;souterain;1;0.8;Taureau,Vaches de boucherie,;2.000000,30.000000,;,535.140000,;535.14;Real Marcoux;Marcoux,Real;Saint-Fortunat
7;-1;-1;45.9894;-71.63149;60;127;souterain;1;0.8;Genisses laitieres,Taures laitieres,Vaches laitieres,;15.000000,20.000000,50.000000,;127.575000,232.300000,1981.500000,;2341.38;Ferme Lylaire inc.;Ferme Lylaire inc.;Saint-Fortunat
8;-1;-1;45.97961;-71.61409;61;129;souterain;1;0.8;Genisses laitieres,Taures laitieres,Vaches laitieres,;13.000000,7.000000,37.000000,;110.565000,81.305000,1466.310000,;1658.18;Ferme Damien Bedard inc.;Ferme Damien Bedard inc.;Saint-Fortunat
9;-1;-1;45.96795;-71.62984;59;126;souterain;1;0.8;Porcelets non sevres,;400.000000,;364.800000,;364.8;Mario Cote inc., suide, lot 6 293 440;Mario Cote inc.;Saint-Fortunat
10;-1;-1;45.95801;-71.62009;59;126;souterain;1;0.8;Porcs a engraissement,;2100.000000,;5365.500000,;5365.5;Ferme Denis Fortier inc., suide, lot 8C;Ferme Denis Fortier inc.;Saint-Fortunat
11;-1;-1;45.96061;-71.57613;62;132;souterain;1;0.8;Genisses laitieres,Taures laitieres,Vaches laitieres,;24.000000,12.000000,77.000000,;204.120000,139.380000,3051.510000,;3395.01;Ferme F.M. Carrel inc.;Ferme F.M. Carrel inc.;Saint-Fortunat
12;-1;-1;45.96553;-71.58551;62;132;souterain;1;0.8;Genisses laitieres,Taures laitieres,Vaches laitieres,;15.000000,15.000000,80.000000,;127.575000,174.225000,3170.400000,;3472.2;Ferme Gebo (2011) inc.;Ferme Gebo (2011) inc.;Saint-Fortunat
13;-1;-1;45.95445;-71.562;62;132;souterain;1;0.8;Genisses laitieres,Vaches laitieres,;15.000000,75.000000,;127.575000,2972.250000,;3099.82;Ferme Clauleine enr.;Ferme Clauleine enr;Saint-Fortunat
14;-1;-1;45.94747;-71.58293;62;131;souterain;1;0.8;Genisses laitieres,Taures laitieres,Vaches laitieres,;20.000000,14.000000,55.000000,;170.100000,162.610000,2179.650000,;2512.36;Jacques Larrivee et Louise Garneau;Ferme Gargouille inc.;Saint-Fortunat
15;-1;-1;45.94917;-71.6343;105;236;souterain;1;0.8;Genisses laitieres,Taures laitieres,Vaches laitieres,;22.000000,6.000000,44.000000,;187.110000,69.690000,1743.720000,;2000.52;Ferme Haut Cote inc.;Ferme Haut Cote inc.;Saint-Fortunat
16;-1;-1;45.96576;-71.6326;59;126;souterain;1;0.8;Genisses de boucherie,Genisses laitieres,;1.000000,30.000000,;8.296000,255.150000,;263.446;9351-1293 Quebec inc.;9351-1293 Quebec inc.;Saint-Fortunat
17;-1;-1;45.95689;-71.61684;59;126;souterain;1;0.8;Beliers,Agneaux,;1.000000,5.000000,;2.920000,14.600000,;17.52;Ferme Denis Fortier inc., lot 9B;Ferme Denis Fortier inc.;Saint-Fortunat
18;-1;-1;45.97254;-71.57255;62;132;souterain;1;0.8;Bisons,;25.000000,;410.625000,;410.625;J.J. Croteau inc., bovin boucherie;J.J. Croteau inc.;Saint-Fortunat
19;-1;-1;46.14764;-71.87613;31;66;souterain;1;0.8;Porcs a engraissement,Taureaux de boucherie,Taures de boucherie,Vaches de boucherie,;75.000000,10.000000,75.000000,350.000000,;191.625000,149.930000,1086.225000,6243.300000,;7671.08;Les Entreprises Claudale inc., bovin boucherie;Les entreprises Claudale inc.;Princeville
20;-1;-1;46.15853;-71.79373;39;82;souterain;1;0.8;Genisses laitieres,Taureaux laitiers,Taures laitieres,Vaches laitieres,Vaches laitieres,;75.000000,1.000000,30.000000,24.000000,181.000000,;637.875000,14.993000,348.450000,951.120000,7173.030000,;9125.47;Ferme Baril & Frere inc., lot 396;Ferme Baril & Frere inc.;Plessisville
21;-1;-1;46.09952;-71.86376;80;173;souterain;1;0.8;Vaches de boucherie,;28.000000,;499.464000,;499.464;Ferme d'elevage des Tournesols inc.;Ferme d'elevage des Tournesols inc.;Saint-Norbert-d'Arthabaska
22;-1;-1;45.98941;-71.85294;86;190;souterain;1;0.8;Bovins de finition,Bovins de semi finition,Bovins de semi finition,Poules pour oeufs incubation,Vaches de boucherie,;200.000000,225.000000,200.000000,14000.000000,55.000000,;1126.200000,916.425000,814.600000,1022.000000,981.090000,;4860.32;Ferme G.M.H. inc., bovin boucherie et volaille;Ferme G.M.H. inc.;Chesterville
23;-1;-1;46.03119;-72.00253;76;165;souterain;1;0.8;Genisses laitieres,Genisses laitieres,Genisses laitieres,Taures laitieres,Vaches laitieres,Vaches laitieres,Vaches laitieres,;15.000000,28.000000,27.000000,25.000000,45.000000,95.000000,15.000000,;127.575000,238.140000,229.635000,290.375000,1783.350000,3764.850000,594.450000,;7028.38;Ferme Deslacs ltee;Ferme Deslacs ltee;Victoriaville
24;-1;-1;45.93713;-71.83928;125;288;souterain;1;0.8;Genisses laitieres,Taureaux laitiers,Taures laitieres,Vaches laitieres,;43.000000,1.000000,45.000000,90.000000,;365.715000,14.993000,522.675000,3566.700000,;4470.08;Ferme Rodovanel inc., bovin laitier, lot 657;Ferme Rodovanel inc.;Chesterville
25;-1;-1;46.20051;-71.81233;36;76;souterain;1;0.8;Genisses laitieres,Genisses laitieres,Taures laitieres,Vaches laitieres,Vaches laitieres,;20.000000,75.000000,68.000000,35.000000,165.000000,;170.100000,637.875000,789.820000,1387.050000,6538.950000,;9523.8;Ferme J.G. Trepanier et Fils inc.;Ferme J.G. Trepanier et Fils inc.;Princeville
26;-1;-1;45.97069;-72.07;145;335;souterain;1;0.8;Vaches laitieres,;81.000000,;3210.030000,;3210.03;FermeS.Y.B. inc.;Ferme S.Y.B. inc.;Saint-Albert
27;-1;-1;46.05562;-72.21822;5;10;souterain;1;0.8;Porcs a engraissement,;900.000000,;2299.500000,;2299.5;Meunerie Ducharme inc., suide, engraissement, lot 5 445 823;Meunerie Ducharme inc.;Saint-Samuel
28;-1;-1;46.05562;-72.21822;5;10;souterain;1;0.8;Porcs a engraissement,;800.000000,;2044.000000,;2044;-;Ferme Mafran inc.;-
29;-1;-1;46.09331;-71.96817;23;49;souterain;1;0.8;Vaches de boucherie,;64.000000,;1141.632000,;1141.63;Ferme Sylvain Dubois inc., bovin boucherie, lot 24F;Ferme Sylvain Dubois inc.;Victoriaville
30;-1;-1;46.05859;-72.08468;17;36;souterain;1;0.8;Vaches de boucherie,;28.000000,;499.464000,;499.464;Jeanine Hebert;Hebert,Jeanine;Saint-Valere
31;-1;-1;45.94255;-71.88105;133;306;souterain;1;0.8;Porcs a engraissement,Taures laitieres,Taures laitieres,Vaches laitieres,Vaches laitieres,Vaches laitieres,Vaches laitieres,;8.000000,6.000000,16.000000,7.000000,36.000000,74.000000,13.000000,;20.440000,69.690000,185.840000,277.410000,1426.680000,2932.620000,515.190000,;5427.87;Les Fermes Perler inc., bovin laitier, principal;Les Fermes Perler inc.;Tingwick
32;-1;-1;45.8921;-72.03065;149;343;souterain;1;0.8;Beliers,Agneaux,;3.000000,200.000000,;8.760000,584.000000,;592.76;Bergerie des trois R inc.;Bergerie des Trois R. inc.;Warwick
33;-1;-1;46.12071;-71.88956;24;51;souterain;1;0.8;Genisses laitieres,Taures laitieres,Vaches laitieres,;39.000000,28.000000,80.000000,;331.695000,325.220000,3170.400000,;3827.32;Ferme Fleche D'Or S.E.N.C.;Ferme Fleche D'Or S.E.N.C.;Princeville
34;-1;-1;46.1488;-71.90095;31;66;souterain;1;0.8;Genisses laitieres,Taures laitieres,Vaches laitieres,;13.000000,12.000000,45.000000,;110.565000,139.380000,1783.350000,;2033.3;Ferme Ligay inc.;Ferme Ligay inc.;Princeville
35;-1;-1;45.89787;-71.92694;154;355;souterain;1;0.8;Genisses laitieres,Taures laitieres,;100.000000,275.000000,;850.500000,3194.125000,;4044.62;Ferme Roulante 1999 inc.;Ferme Roulante enr.;Tingwick
36;-1;-1;45.89787;-71.92694;154;355;souterain;1;0.8;Genisses laitieres,Taures laitieres,Vaches laitieres,;100.000000,200.000000,40.000000,;850.500000,2323.000000,1585.200000,;4758.7;-;Ferme Roulante 1999 inc.;-
37;-1;-1;45.85006;-71.68904;111;250;souterain;1;0.8;Beliers,Agneaux,;10.000000,200.000000,;29.200000,584.000000,;613.2;Maxime Larrivee;Larrivee,Maxime;Ham-Nord
38;-1;-1;45.89185;-71.934;154;355;souterain;1;0.8;Taures laitieres,;110.000000,;1277.650000,;1277.65;Rejean Comtois;Ferme des P'tits bateaux inc.;Tingwick
39;-1;-1;46.16421;-71.87007;31;66;souterain;1;0.8;Genisses laitieres,Taures laitieres,Vaches laitieres,;12.000000,5.000000,16.000000,;102.060000,58.075000,634.080000,;794.215;Michel Carignan;Carignan,Michel;Princeville
40;-1;-1;46.1412;-71.8797;31;66;souterain;1;0.8;Genisses laitieres,Taures laitieres,;45.000000,45.000000,;382.725000,522.675000,;905.4;Les Gestions Claudale inc.;Ferme Porpo-Tech inc.;Princeville
41;-1;-1;45.94524;-72.015;129;296;souterain;1;0.8;Genisses laitieres,Taures laitieres,Taures laitieres,Vaches laitieres,;30.000000,13.000000,22.000000,95.000000,;255.150000,150.995000,255.530000,3764.850000,;4426.53;Ferme Rang 2 S.E.N.C;Ferme l'Authentic;Warwick
42;-1;-1;45.98699;-71.88461;86;189;souterain;1;0.8;etalon,Vaches de boucherie,;18.000000,6.000000,;,107.028000,;107.028;Clement Verville;Verville,Clement;Saint-Christophe-d'Arthabaska
43;-1;-1;46.02126;-71.83609;85;186;souterain;1;0.8;Genisses laitieres,Taureaux laitiers,Taures laitieres,Vaches laitieres,;30.000000,1.000000,20.000000,60.000000,;255.150000,14.993000,232.300000,2377.800000,;2880.24;Ferme Ranjall inc.;Ferme Ranjall inc.;Saint-Christophe-d'Arthabaska
44;-1;-1;45.99959;-72.08254;75;163;souterain;1;0.8;Genisses laitieres,;200.000000,;1701.000000,;1701;Ferme Landrynoise inc., bovin laitier, lot 792;Ferme Landrynoise inc.;Saint-Albert
45;-1;-1;46.00208;-72.08099;75;163;souterain;1;0.8;Genisses laitieres,Genisses laitieres,Vaches laitieres,Vaches laitieres,Vaches laitieres,Vaches laitieres,;195.000000,260.000000,125.000000,1483.000000,40.000000,30.000000,;1658.475000,2211.300000,4953.750000,58771.290000,1585.200000,1188.900000,;70368.9;Ferme Landrynoise inc., bovin laitier, lot 791;Ferme Landrynoise inc.;Saint-Albert
46;-1;-1;46.11141;-71.95204;27;58;souterain;1;0.8;Genisses laitieres,Taures laitieres,Vaches laitieres,;34.000000,33.000000,65.000000,;289.170000,383.295000,2575.950000,;3248.42;Ferme Belaro inc.;Ferme Belaro inc.;Princeville
47;-1;-1;45.93371;-71.88983;133;306;souterain;1;0.8;Cochettes,Porcelets sevres,Porcelets non sevres,Verrats,;40.000000,300.000000,150.000000,2.000000,;248.200000,273.600000,136.800000,10.950000,;669.55;Ferme R.D.A. Rioux inc., suide, maternite;Ferme R.D.A. Rioux inc.;Tingwick
48;-1;-1;46.14158;-71.84591;38;79;souterain;1;0.8;Genisses laitieres,Vaches laitieres,;15.000000,56.000000,;127.575000,2219.280000,;2346.86;Ferme Roger Blanchette inc.;Ferme Roger Blanchette inc.;Princeville
49;-1;-1;45.99242;-71.95254;127;293;souterain;1;0.8;Genisses laitieres,Taures laitieres,Vaches laitieres,;24.000000,9.000000,49.000000,;204.120000,104.535000,1941.870000,;2250.53;Ferme Pepinoise inc.;Ferme Pepinoise inc.;Warwick
50;-1;-1;46.15089;-71.85479;33;69;souterain;1;0.8;Veaux de grain finition,;40.000000,;132.720000,;132.72;Ferme Nobliau inc., bovin boucherie, lot 9A;Ferme Nobliau inc.;Princeville
51;-1;-1;46.1067;-71.81903;80;173;souterain;1;0.8;Genisses laitieres,Taures laitieres,Vaches laitieres,;17.000000,20.000000,56.000000,;144.585000,232.300000,2219.280000,;2596.16;3104-2765 Quebec inc., bovin laitier;3104-2765 Quebec inc.;Saint-Norbert-d'Arthabaska
52;-1;-1;45.92351;-72.01314;139;318;souterain;1;0.8;Genisses laitieres,Taures laitieres,Vaches laitieres,;30.000000,18.000000,137.000000,;255.150000,209.070000,5429.310000,;5893.53;Ferme Galibou inc., bovin laitier, lot 233;Ferme Galibou inc.;Warwick
53;-1;-1;46.08392;-72.05854;13;27;souterain;1;0.8;Genisses laitieres,Taures laitieres,Vaches laitieres,;18.000000,25.000000,58.000000,;153.090000,290.375000,2298.540000,;2742.01;Ferme Miline enr.;Ferme Miline enr.;Saint-Valere
54;-1;-1;45.99176;-72.00239;127;291;souterain;1;0.8;Bouc adulte,Chevres laitieres,Chevrette ou chevreau (de 3 jours a 364 jours),;7.000000,407.000000,260.000000,;,2357.344000,,;2357.34;Ferme Beliry enr.;Ferme Beliry enr.;Warwick
55;-1;-1;46.02139;-72.12816;16;34;souterain;1;0.8;Genisses laitieres,Taures laitieres,Taures laitieres,Vaches laitieres,;186.000000,358.000000,234.000000,18.000000,;1581.930000,4158.170000,2717.910000,713.340000,;9171.35;Sylvain Landry, bovin laitier, principal;Landry,Sylvain;Saint-Albert
56;-1;-1;45.92257;-72.07685;147;338;souterain;1;0.8;Genisses laitieres,Taures laitieres,;42.000000,28.000000,;357.210000,325.220000,;682.43;Ferme Louis d'Or inc., bovin laitier;9277-5337 Quebec inc.;Sainte-elizabeth-de-Warwick
57;-1;-1;46.13831;-71.82088;39;81;souterain;1;0.8;Genisses laitieres,Vaches laitieres,;90.000000,379.000000,;765.450000,15019.770000,;15785.2;Ferme Legil inc., bovin laitier, lots 4A et 4C;Ferme Legil inc.;Princeville
58;-1;-1;46.05163;-71.84255;82;178;souterain;1;0.8;Genisses laitieres,Taures laitieres,Vaches laitieres,;30.000000,30.000000,80.000000,;255.150000,348.450000,3170.400000,;3774;Ferme Pierre Letourneau inc.;Ferme Pierre Letourneau inc.;Saint-Christophe-d'Arthabaska
59;-1;-1;45.91675;-72.00527;143;328;souterain;1;0.8;Vaches laitieres,Vaches laitieres,;60.000000,8.000000,;2377.800000,317.040000,;2694.84;Ferme Bertelet inc., bovin laitier, principal;Ferme Dynamo inc.;Warwick
60;-1;-1;45.88319;-71.65406;111;251;souterain;1;0.8;Bovins de finition,Genisses laitieres,Taures laitieres,Vaches laitieres,;2.000000,25.000000,14.000000,2.000000,;11.262000,212.625000,162.610000,79.260000,;465.757;Ferme Bernis enrg.;Ferme Bernis enrg.;Ham-Nord
61;-1;-1;46.11478;-71.96729;15;33;souterain;1;0.8;Poules pour oeufs de consommation,Poulettes pour oeufs de consommation,;33672.000000,33672.000000,;2458.056000,2458.056000,;4916.11;Prince Oeuf inc, volaille, lot 24C, nord;Prince Oeuf inc.;Princeville
62;-1;-1;46.08994;-72.00914;13;27;souterain;1;0.8;Genisses laitieres,Taures laitieres,;99.000000,32.000000,;841.995000,371.680000,;1213.68;Ferme Lanormande inc., bovin laitier, remplacement;Ferme Lanormande inc.;Saint-Valere
63;-1;-1;45.94147;-72.0787;146;336;souterain;1;0.8;Renarde,;25.000000,;,;0;Michel Paris;Paris,Michel;Sainte-elizabeth-de-Warwick
64;-1;-1;46.19372;-71.792;36;76;souterain;1;0.8;Genisses laitieres,Taures laitieres,Vaches laitieres,;40.000000,25.000000,90.000000,;340.200000,290.375000,3566.700000,;4197.28;Groupe Mir-Ca inc.;Groupe Mir-Ca inc.;Plessisville
65;-1;-1;46.02838;-72.032;76;166;souterain;1;0.8;Genisses laitieres,Taures laitieres,Vaches laitieres,;12.000000,14.000000,45.000000,;102.060000,162.610000,1783.350000,;2048.02;Ferme Daphimaguy inc.;Ferme Desbois inc.;Saint-Albert
66;-1;-1;46.15014;-71.85184;33;69;souterain;1;0.8;Genisses laitieres,Taures laitieres,Vaches laitieres,;48.000000,10.000000,73.000000,;408.240000,116.150000,2892.990000,;3417.38;Ferme Guerard & Fils inc., bovin laitier, lots 8D et 8G;Ferme Guerard & Fils inc.;Princeville
67;-1;-1;46.04602;-72.23219;5;10;souterain;1;0.8;Genisses laitieres,Taures laitieres,;50.000000,10.000000,;425.250000,116.150000,;541.4;Ferme Bernoise S.E.N.C., bovin laitier, remplacement;Ferme Bernoise S.E.N.C.;Saint-Samuel
68;-1;-1;45.94896;-71.95448;130;298;souterain;1;0.8;Porcs a engraissement,;1000.000000,;2555.000000,;2555;Ferme Felime, suide;Ferme Felime;Warwick
69;-1;-1;45.86704;-71.67277;111;251;souterain;1;0.8;Genisses laitieres,Taures laitieres,Vaches laitieres,;6.000000,10.000000,57.000000,;51.030000,116.150000,2258.910000,;2426.09;Ferme Zabe (2018) inc.;Ferme Zabe (2018) inc.;Ham-Nord
70;-1;-1;45.97928;-72.01526;128;295;souterain;1;0.8;Genisses de boucherie,Taureaux de boucherie,Taureaux de boucherie,Taures de boucherie,Vaches de boucherie,;30.000000,1.000000,2.000000,3.000000,90.000000,;248.880000,14.993000,29.986000,43.449000,1605.420000,;1942.73;Ferme Demaicca S.E.N.C.;Ferme Demaicca S.E.N.C.;Warwick
71;-1;-1;45.88758;-71.84374;138;315;souterain;1;0.8;Genisses laitieres,Taureaux laitiers,Taures laitieres,Vaches laitieres,;20.000000,1.000000,18.000000,47.000000,;170.100000,14.993000,209.070000,1862.610000,;2256.77;Ferme Donavan Crete inc.;Ferme Donavan Crete inc.;Saint-Remi-de-Tingwick
72;-1;-1;46.0646;-72.2087;65;140;souterain;1;0.8;Genisses laitieres,Taures laitieres,Vaches laitieres,Vaches laitieres,;10.000000,10.000000,65.000000,10.000000,;85.050000,116.150000,2575.950000,396.300000,;3173.45;Ferme Arseneault (1946) inc., bovin laitier, principal;Ferme Arseneault (1946) inc.;Saint-Samuel
73;-1;-1;45.95075;-71.89745;132;304;souterain;1;0.8;Genisses laitieres,Taures laitieres,Vaches laitieres,;35.000000,25.000000,80.000000,;297.675000,290.375000,3170.400000,;3758.45;Ferme Milibro inc;Ferme Milibro inc.;Tingwick
74;-1;-1;45.96085;-71.8316;88;195;souterain;1;0.8;Genisses laitieres,Taures laitieres,Vaches laitieres,;27.000000,32.000000,47.000000,;229.635000,371.680000,1862.610000,;2463.93;Ferme Androise inc.;Ferme Androise inc.;Chesterville
75;-1;-1;46.06811;-72.12123;16;35;souterain;1;0.8;Vaches de boucherie,;26.000000,;463.788000,;463.788;Jocelyn Proulx;Proulx,Jocelyn;Saint-Valere
76;-1;-1;46.19965;-71.81484;36;76;souterain;1;0.8;Vaches de boucherie,;10.000000,;178.380000,;178.38;Rene St-Pierre;Saint-Pierre,Rene;Princeville
77;-1;-1;46.11026;-71.95911;27;58;souterain;1;0.8;Genisses laitieres,Taures laitieres,;60.000000,60.000000,;510.300000,696.900000,;1207.2;Ferme Schmucky inc., bovin laitier;Ferme Schmucky inc.;Princeville
78;-1;-1;46.08154;-72.07131;13;27;souterain;1;0.8;Genisses laitieres,Taures laitieres,Vaches laitieres,;25.000000,30.000000,65.000000,;212.625000,348.450000,2575.950000,;3137.03;Ferme Belstein inc.;Ferme Belstein inc.;Saint-Valere
79;-1;-1;45.96137;-71.82679;88;195;souterain;1;0.8;etalon,Taureaux de boucherie,Taures de boucherie,Vaches de boucherie,;2.000000,2.000000,8.000000,60.000000,;,29.986000,115.864000,1070.280000,;1216.13;Mederik Desharnais;Desharnais,Mederik;Chesterville
80;-1;-1;45.95959;-71.9831;144;331;souterain;1;0.8;Genisses laitieres,Genisses laitieres,Taures laitieres,Taures laitieres,Vaches laitieres,Vaches laitieres,;4.000000,20.000000,4.000000,20.000000,46.000000,120.000000,;34.020000,170.100000,46.460000,232.300000,1822.980000,4755.600000,;7061.46;Ferme Lemeric S.E.N.C., bovin laitier;Ferme Lemeric S.E.N.C.;Warwick
81;-1;-1;46.03583;-71.84985;85;188;souterain;1;0.8;Agneaux,Agneaux,Agnelles de remplacement,Beliers,Agneaux,;200.000000,50.000000,90.000000,21.000000,553.000000,;584.000000,146.000000,109.800000,61.320000,1614.760000,;2515.88;Manon et Marcellin Therrien S.E.N.C.;Manon et Marcellin Therrien S.E.N.C.;Saint-Christophe-d'Arthabaska
82;-1;-1;45.96738;-72.03019;128;294;souterain;1;0.8;Genisses laitieres,Taures laitieres,Vaches laitieres,;49.000000,30.000000,75.000000,;416.745000,348.450000,2972.250000,;3737.45;Ferme Desnette inc., bovin laitier;Ferme Desnette inc.;Warwick
83;-1;-1;46.06772;-71.64795;48;100;souterain;1;0.8;Taureaux de boucherie,Taures de boucherie,Vaches de boucherie,;1.000000,8.000000,40.000000,;14.993000,115.864000,713.520000,;844.377;9381-8862 Quebec inc.;9381-8862 Quebec inc.;Saint-Ferdinand
84;-1;-1;45.9214;-71.81046;97;217;souterain;1;0.8;Vaches de boucherie,;60.000000,;1070.280000,;1070.28;Ferme G.M.H. inc., bovin boucherie, lot 766;Ferme G.M.H. inc.;Saint-Remi-de-Tingwick
85;-1;-1;45.9214;-71.81046;97;217;souterain;1;0.8;Poules pour oeufs de consommation,Vaches de boucherie,;6700.000000,60.000000,;489.100000,1070.280000,;1559.38;-;9405-8260 Quebec inc.;-
86;-1;-1;45.95309;-72.04586;139;318;souterain;1;0.8;Porcs a engraissement,Genisses laitieres,Taures laitieres,Vaches de boucherie,Vaches laitieres,;20.000000,10.000000,10.000000,30.000000,60.000000,;51.100000,85.050000,116.150000,535.140000,2377.800000,;3165.24;Ferme Mi-Gui '87 S.E.N.C.;Ferme Mi-Gui '87 S.E.N.C.;Warwick
87;-1;-1;46.0663;-72.10838;16;35;souterain;1;0.8;Porcs a engraissement,Taureaux de boucherie,Taures de boucherie,Vaches de boucherie,;30.000000,4.000000,8.000000,85.000000,;76.650000,59.972000,115.864000,1516.230000,;1768.72;Ferme Jaeggi inc., bovin boucherie, lot 596;Ferme Jaeggi inc.;Saint-Valere
88;-1;-1;46.01253;-71.89444;85;187;souterain;1;0.8;Vaches laitieres,;75.000000,;2972.250000,;2972.25;2971-7543 Quebec inc., bovin laitier, remplacement;2971-7543 Quebec inc.;Saint-Christophe-d'Arthabaska
89;-1;-1;45.97998;-72.06307;145;335;souterain;1;0.8;Genisses laitieres,Taures laitieres,Taures laitieres,Vaches laitieres,;90.000000,25.000000,10.000000,180.000000,;765.450000,290.375000,116.150000,7133.400000,;8305.38;Ferme R.L. Rheault inc., bovin laitier, lot 713;Ferme R.L. Rheault inc.;Saint-Albert
90;-1;-1;46.07536;-71.87255;81;176;souterain;1;0.8;Vaches de boucherie,;60.000000,;1070.280000,;1070.28;Ferme Belbo S.E.N.C.;Ferme Belbo S.E.N.C.;Saint-Norbert-d'Arthabaska
91;-1;-1;45.8957;-71.79022;124;283;souterain;1;0.8;Vaches de boucherie,;20.000000,;356.760000,;356.76;Yves Champoux, bovin boucherie, lot 960;Champoux,Yves;Saint-Remi-de-Tingwick
92;-1;-1;45.97313;-72.0213;128;294;souterain;1;0.8;Genisses laitieres,Taures laitieres,Vaches laitieres,;24.000000,24.000000,50.000000,;204.120000,278.760000,1981.500000,;2464.38;Ferme Du Haurocher inc.;Ferme Du Haurocher inc.;Warwick
93;-1;-1;46.10045;-71.98212;20;43;souterain;1;0.8;Poules pour oeufs incubation,;32640.000000,;2382.720000,;2382.72;La Coop Federee, volaille, 4 346 900;Sollio Groupe Cooperatif;Victoriaville
94;-1;-1;46.07246;-71.81601;82;178;souterain;1;0.8;Genisses laitieres,Hongres,Taureaux laitiers,Taures laitieres,Vaches laitieres,;25.000000,1.000000,3.000000,30.000000,60.000000,;212.625000,16.425000,44.979000,348.450000,2377.800000,;3000.28;Ferme Lebert inc.;Ferme Lebert inc.;Saint-Norbert-d'Arthabaska
95;-1;-1;46.05397;-71.78279;63;134;souterain;1;0.8;Genisses laitieres,Taures laitieres,Vaches laitieres,;36.000000,24.000000,77.000000,;306.180000,278.760000,3051.510000,;3636.45;Ferme Annerick inc.;Ferme Annerick inc.;Sainte-Helene-de-Chester
96;-1;-1;45.89824;-71.92765;154;355;souterain;1;0.8;Genisses laitieres,Taures laitieres,Vaches laitieres,;21.000000,10.000000,40.000000,;178.605000,116.150000,1585.200000,;1879.95;Ferme Mylanve inc., bovin laitier;Ferme Mylanve inc.;Tingwick
97;-1;-1;45.90798;-71.8708;136;312;souterain;1;0.8;Genisses laitieres,;48.000000,;408.240000,;408.24;Ferme Rochela S.E.N.C., bovin laitier, remplacement;Ferme Rochela S.E.N.C.;Tingwick
98;-1;-1;45.96051;-72.03755;145;335;souterain;1;0.8;Genisses laitieres,Taures laitieres,Vaches laitieres,;46.000000,25.000000,110.000000,;391.230000,290.375000,4359.300000,;5040.91;Ferme Moulin Bleu SENC;Ferme Moulin Bleu 07 inc.;Warwick
99;-1;-1;45.87075;-72.06295;151;347;souterain;1;0.8;Poulets a griller,Poulets a griller,;65400.000000,62000.000000,;4774.200000,4526.000000,;9300.2;Ferme H.G.D. inc., lot 7f;Ferme H.G.D. inc.;Kingsey Falls
100;-1;-1;46.07924;-71.96602;24;52;souterain;1;0.8;Genisses laitieres,Taures laitieres,Vaches laitieres,;55.000000,55.000000,135.000000,;467.775000,638.825000,5350.050000,;6456.65;Ferme Gerlac inc., bovin laitier, principal;Ferme Gerlac inc.;Victoriaville
101;-1;-1;46.01706;-71.86383;85;186;souterain;1;0.8;Canards,Poulettes pour oeufs de consommation,;9000.000000,24000.000000,;63.000000,1752.000000,;1815;2635-8838 Quebec inc., volaille, lots 41 et 42;2635-8838 Quebec inc.;Saint-Christophe-d'Arthabaska
102;-1;-1;46.00252;-72.04883;126;289;souterain;1;0.8;Genisses laitieres,Taures laitieres,Vaches laitieres,Vaches laitieres,;200.000000,100.000000,360.000000,70.000000,;1701.000000,1161.500000,14266.800000,2774.100000,;19903.4;Ferme Rochalain inc., bovin laitier;Ferme Rochalain inc.;Saint-Albert
103;-1;-1;45.90587;-71.91649;132;303;souterain;1;0.8;Genisses laitieres,Taures laitieres,Vaches laitieres,;50.000000,10.000000,410.000000,;425.250000,116.150000,16248.300000,;16789.7;Ferme du Gambleur SENC, bovin laitier, site principal;Ferme Gambler + inc.;Tingwick
104;-1;-1;46.00182;-71.97395;127;292;souterain;1;0.8;Hongres,;5.000000,;82.125000,;82.125;Ferme Livet S.E.N.C.;Ferme Livet S.E.N.C.;Warwick
105;-1;-1;46.03755;-71.68384;52;109;souterain;1;0.8;Genisses laitieres,Taures laitieres,Vaches laitieres,;28.000000,17.000000,64.000000,;238.140000,197.455000,2536.320000,;2971.91;Ferme Yvalou (2012) inc.;Ferme Yvalou (2012) inc.;Sainte-Helene-de-Chester
106;-1;-1;45.96562;-71.98131;144;331;souterain;1;0.8;Genisses de boucherie,Genisses laitieres,;1.000000,1.000000,;8.296000,8.505000,;16.801;Ferme G. & C. Laroche S.E.N.C.;Ferme G. & C. Laroche  ;Warwick
107;-1;-1;46.0064;-72.0755;75;163;souterain;1;0.8;Porcs a engraissement,;1051.000000,;2685.305000,;2685.31;Fermes Ducharme inc., suide, engraissement, lot 788;Fermes Ducharme inc.;Saint-Albert
108;-1;-1;46.12018;-71.95829;15;33;souterain;1;0.8;Porcs a engraissement,Porcelets sevres,;1050.000000,1050.000000,;2682.750000,957.600000,;3640.35;Les elevages Prince, suide, lot 23a;Les elevages Prince;Princeville
109;-1;-1;46.0531;-72.14255;16;34;souterain;1;0.8;Genisses laitieres,Taures laitieres,Vaches laitieres,;85.000000,55.000000,150.000000,;722.925000,638.825000,5944.500000,;7306.25;Ferme Bonaloi 2015 inc.;Ferme Bonaloi 2015 inc.;Saint-Valere
110;-1;-1;46.15472;-71.83033;36;76;souterain;1;0.8;Genisses laitieres,Taures laitieres,Vaches laitieres,;41.000000,25.000000,86.000000,;348.705000,290.375000,3408.180000,;4047.26;Ferme Nortane inc.;Ferme Nortane inc.;Princeville
111;-1;-1;46.12431;-71.88186;24;51;souterain;1;0.8;Genisses laitieres,Taureaux laitiers,Taures laitieres,Vaches laitieres,;65.000000,1.000000,55.000000,103.000000,;552.825000,14.993000,638.825000,4081.890000,;5288.53;Ferme Vidia inc., bovin laitier;Ferme Vidia inc.;Princeville
112;-1;-1;46.12983;-71.80078;41;85;souterain;1;0.8;Genisses laitieres,Taures laitieres,Vaches laitieres,;20.000000,12.000000,73.000000,;170.100000,139.380000,2892.990000,;3202.47;Ferme Martinclerc inc., bovin laitier, lot 467;Ferme Martinclerc inc.;Saint-Norbert-d'Arthabaska
113;-1;-1;46.03719;-72.10495;16;34;souterain;1;0.8;Genisses laitieres,Taures laitieres,Vaches laitieres,;30.000000,30.000000,70.000000,;255.150000,348.450000,2774.100000,;3377.7;Ferme Jean-Baptiste inc.;Ferme Jean-Baptiste inc.;Saint-Valere
114;-1;-1;45.93115;-72.03051;139;318;souterain;1;0.8;Taures laitieres,Vaches laitieres,;15.000000,120.000000,;174.225000,4755.600000,;4929.83;Ferme Philway inc.;Ferme Philiway inc.;Warwick
115;-1;-1;45.97872;-71.83234;88;195;souterain;1;0.8;Taureaux de boucherie,Taureaux de boucherie,Taures de boucherie,Vaches de boucherie,;2.000000,2.000000,8.000000,45.000000,;29.986000,29.986000,115.864000,802.710000,;978.546;Ferme Ludi;Ferme Ludi;Chesterville
116;-1;-1;45.97603;-71.82716;88;195;souterain;1;0.8;Genisses laitieres,Taures laitieres,Vaches laitieres,;22.000000,22.000000,60.000000,;187.110000,255.530000,2377.800000,;2820.44;Ferme des petits bateaux inc., bovin laitier, lot 291;Ferme des P'tits bateaux inc.;Chesterville
117;-1;-1;46.0577;-72.12117;16;34;souterain;1;0.8;Genisses laitieres,Taures laitieres,Vaches laitieres,Vaches laitieres,;30.000000,45.000000,65.000000,35.000000,;255.150000,522.675000,2575.950000,1387.050000,;4740.83;Ferme Valayre inc.;Ferme Valayre inc.;Saint-Valere
118;-1;-1;46.01589;-72.01851;76;165;souterain;1;0.8;Genisses laitieres,Taures laitieres,Vaches laitieres,;34.000000,10.000000,65.000000,;289.170000,116.150000,2575.950000,;2981.27;Brawer & Fils inc.;Brawer & Fils inc.;Victoriaville
119;-1;-1;45.98348;-71.84267;87;191;souterain;1;0.8;Genisses laitieres,Taures laitieres,Vaches laitieres,;15.000000,25.000000,60.000000,;127.575000,290.375000,2377.800000,;2795.75;Ferme Duvallon inc.;Ferme Duvallon inc.;Chesterville
120;-1;-1;46.12149;-72.01096;15;33;souterain;1;0.8;Genisses laitieres,Genisses laitieres,Taures laitieres,Taures laitieres,Vaches laitieres,Vaches laitieres,;14.000000,80.000000,15.000000,75.000000,15.000000,180.000000,;119.070000,680.400000,174.225000,871.125000,594.450000,7133.400000,;9572.67;Ferme Huppin S.E.N.C., bovin laitier, lot 491;Ferme Huppin S.E.N.C.;Saint-Rosaire
121;-1;-1;46.14008;-71.83898;39;81;souterain;1;0.8;Genisses laitieres,Taures laitieres,Vaches laitieres,;50.000000,25.000000,25.000000,;425.250000,290.375000,990.750000,;1706.38;Chantale Boissinotte;Ferme Enzler inc.;Princeville
122;-1;-1;46.14008;-71.83898;39;81;souterain;1;0.8;Genisses laitieres,Taures laitieres,Taures laitieres,Vaches laitieres,Vaches laitieres,;39.000000,3.000000,17.000000,7.000000,53.000000,;331.695000,34.845000,197.455000,277.410000,2100.390000,;2941.8;-;Adeline,Cherrier;-
123;-1;-1;46.09474;-71.79468;82;180;souterain;1;0.8;Veaux de grain pouponniere,;340.000000,;399.500000,;399.5;Marilyn Gobet;Gobet,Marilyn;Saint-Norbert-d'Arthabaska
124;-1;-1;46.01427;-72.02068;76;165;souterain;1;0.8;Genisses laitieres,Vaches laitieres,;8.000000,80.000000,;68.040000,3170.400000,;3238.44;FermeVictoria Holstein inc.;Ferme Victoria Holstein inc.;Victoriaville
125;-1;-1;45.8595;-71.90535;156;359;souterain;1;0.8;Taures laitieres,Vaches laitieres,;8.000000,62.000000,;92.920000,2457.060000,;2549.98;"Ferme des P""tits Bateaux inc., lot 724";Ferme des P'tits bateaux inc.;Tingwick
126;-1;-1;45.93321;-71.88718;133;306;souterain;1;0.8;Porcs a engraissement,;1300.000000,;3321.500000,;3321.5;Ferme R.D.A. Rioux inc., suide, maternite-pouponniere-engraissement;Ferme R.D.A. Rioux inc.;Tingwick
127;-1;-1;45.9701;-72.02728;128;294;souterain;1;0.8;Vaches laitieres,;45.000000,;1783.350000,;1783.35;Ferme Rochelet inc.;Ferme Rochelet inc.;Warwick
128;-1;-1;46.06481;-72.0069;20;43;souterain;1;0.8;Genisses laitieres,Taures laitieres,Vaches laitieres,;20.000000,28.000000,65.000000,;170.100000,325.220000,2575.950000,;3071.27;Ferme Paris-Lait inc., principal;Ferme Paris-Lait inc.;Victoriaville
129;-1;-1;45.97963;-72.06071;145;335;souterain;1;0.8;Genisses laitieres,Taures laitieres,Vaches laitieres,;65.000000,35.000000,125.000000,;552.825000,406.525000,4953.750000,;5913.1;Ferme Hebertoise inc., bovin laitier;Ferme Hebertoise inc.;Saint-Albert
130;-1;-1;45.8602;-71.93987;155;358;souterain;1;0.8;Taures laitieres,;125.000000,;1451.875000,;1451.88;Ferme Roulante enr., bovins laitiers, lot 5 498 660;Ferme Roulante enr.;Tingwick
131;-1;-1;46.06186;-72.29397;2;5;souterain;1;0.8;Genisses laitieres,Taures laitieres,;10.000000,30.000000,;85.050000,348.450000,;433.5;Ferme Margot enr., bovin laitier, lot 106;Societe Rene et Carmen Eicher SENC;Sainte-Eulalie
132;-1;-1;46.06186;-72.29397;2;5;souterain;1;0.8;Genisses laitieres,Taures laitieres,;24.000000,16.000000,;204.120000,185.840000,;389.96;-;Phoenix,Francois;-
133;-1;-1;45.99032;-72.04078;126;289;souterain;1;0.8;Vaches laitieres,;60.000000,;2377.800000,;2377.8;Ferme Irma Pur inc.;Ferme Irma Pur inc.;Warwick
134;-1;-1;46.09232;-71.76939;46;96;souterain;1;0.8;Genisses laitieres,Taures laitieres,Vaches laitieres,;12.000000,16.000000,45.000000,;102.060000,185.840000,1783.350000,;2071.25;9293-5121 Quebec inc.;9293-5121 Quebec inc.;Saint-Norbert-d'Arthabaska
135;-1;-1;46.0057;-71.91901;84;184;souterain;1;0.8;Taureaux de boucherie,Vaches de boucherie,;1.000000,40.000000,;14.993000,713.520000,;728.513;Lucie Cloutier;Cloutier,Lucie;Saint-Christophe-d'Arthabaska
136;-1;-1;46.00871;-72.07994;75;164;souterain;1;0.8;Dindons a griller,Dindons lourds,Poulets a griller,;6000.000000,17200.000000,27000.000000,;174.000000,963.200000,1971.000000,;3108.2;Ferme Avicole Victoria ltee, volaille, lots 863 et 864;Ferme Avicole Victoria ltee;Saint-Albert
137;-1;-1;46.11557;-71.83572;80;173;souterain;1;0.8;Veaux de lait,;180.000000,;211.500000,;211.5;Ferme Desiree S.E.N.C.;Ferme Desiree S.E.N.C.;Saint-Norbert-d'Arthabaska
138;-1;-1;45.97023;-71.97582;144;331;souterain;1;0.8;Genisses laitieres,Taures laitieres,Vaches laitieres,;50.000000,50.000000,160.000000,;425.250000,580.750000,6340.800000,;7346.8;Ferme A.J. Carrier et Fils inc.;Ferme A.J. Carrier et Fils inc.;Warwick
139;-1;-1;46.02469;-72.15757;67;145;souterain;1;0.8;Cochettes,Porcelets non sevres,Porcelets non sevres,Verrats,;234.000000,263.000000,500.000000,7.000000,;1451.970000,239.856000,456.000000,38.325000,;2186.15;Ferme Mafran inc., suide, maternite;Ferme Mafran inc.;Sainte-Clotilde-de-Horton
140;-1;-1;46.16884;-71.85209;31;66;souterain;1;0.8;Genisses laitieres,Vaches laitieres,;15.000000,67.000000,;127.575000,2655.210000,;2782.78;2971-5331 Quebec inc., bovin laitier;2971-5331 Quebec inc.;Princeville
141;-1;-1;46.02228;-71.90485;84;185;souterain;1;0.8;Genisses laitieres,Taures laitieres,Vaches laitieres,;7.000000,7.000000,60.000000,;59.535000,81.305000,2377.800000,;2518.64;Ferme Ronderie inc.;Ferme Ronderie inc.;Saint-Christophe-d'Arthabaska
142;-1;-1;46.03842;-71.97245;78;169;souterain;1;0.8;Hongres,;10.000000,;164.250000,;164.25;Nault, Noel;Nault,Noel;Victoriaville
143;-1;-1;46.0559;-72.04588;64;139;souterain;1;0.8;etalon,;3.000000,;,;0;Fernand Leblanc;Leblanc,Fernand;Saint-Valere
144;-1;-1;46.02186;-72.03925;75;164;souterain;1;0.8;Poules pour oeufs incubation,Poulettes pour oeufs incubation,;5235.000000,52351.000000,;382.155000,3821.623000,;4203.78;Nutrimix ltee, volaille, lot 766;Nutrimix ltee;Saint-Albert
145;-1;-1;45.98863;-72.22072;71;155;souterain;1;0.8;Hongres,;11.000000,;180.675000,;180.675;Andree et Robert Poliquin;Andree & Robert Poliquin;Sainte-Clotilde-de-Horton
146;-1;-1;45.99802;-72.03113;128;295;souterain;1;0.8;Genisses laitieres,Taures laitieres,Vaches laitieres,Vaches laitieres,;28.000000,12.000000,82.000000,1.000000,;238.140000,139.380000,3249.660000,39.630000,;3666.81;Ferme Fischlin inc.;Ferme Fischlin inc.;Warwick
147;-1;-1;45.99796;-71.99414;127;291;souterain;1;0.8;Vaches de boucherie,;10.000000,;178.380000,;178.38;Rioux, Gabriel;Rioux,Gabriel;Warwick
148;-1;-1;45.95838;-72.08335;145;335;souterain;1;0.8;Vaches laitieres,;43.000000,;1704.090000,;1704.09;Real Rondeau;Ferme Rea inc.;Sainte-elizabeth-de-Warwick
149;-1;-1;46.11581;-71.83665;80;173;souterain;1;0.8;Taures laitieres,;30.000000,;348.450000,;348.45;Ferme Enzler inc., bovin laitier, remplacement;Ferme Enzler inc.;Saint-Norbert-d'Arthabaska
150;-1;-1;46.01182;-72.02361;127;292;souterain;1;0.8;Genisses laitieres,Taures laitieres,Vaches laitieres,;44.000000,42.000000,106.000000,;374.220000,487.830000,4200.780000,;5062.83;Ferme erilis inc., bovins laitiers;Ferme erilis inc.;Victoriaville
151;-1;-1;46.10311;-71.81349;80;173;souterain;1;0.8;Genisses laitieres,Taureaux laitiers,Taures laitieres,Vaches laitieres,;39.000000,1.000000,21.000000,70.000000,;331.695000,14.993000,243.915000,2774.100000,;3364.7;Ferme Redanlyne S.E.N.C.;Ferme Redanlyne S.E.N.C.;Saint-Norbert-d'Arthabaska
152;-1;-1;46.10311;-71.81349;80;173;souterain;1;0.8;Genisses laitieres,Taures laitieres,Vaches laitieres,;18.000000,16.000000,66.000000,;153.090000,185.840000,2615.580000,;2954.51;-;Ferme Redanlyne 2009 inc.;-
153;-1;-1;46.10152;-71.91915;24;51;souterain;1;0.8;Genisses laitieres,Taures laitieres,Vaches laitieres,;14.000000,8.000000,30.000000,;119.070000,92.920000,1188.900000,;1400.89;Ferme Andre Allard et Fils inc., bovin laitier, lot 17C;Ferme Milkomax inc.;Victoriaville
154;-1;-1;45.9002;-71.83206;138;316;souterain;1;0.8;Genisses laitieres,;41.000000,;348.705000,;348.705;Ferme des cantons 2012 inc., ovin;Ferme des cantons 2012 inc.;Saint-Remi-de-Tingwick
155;-1;-1;46.11062;-71.7881;41;85;souterain;1;0.8;Taureaux de boucherie,Taures de boucherie,Vaches de boucherie,;1.000000,5.000000,30.000000,;14.993000,72.415000,535.140000,;622.548;Gaetan Caouette;Caouette,Gaetan;Saint-Norbert-d'Arthabaska
156;-1;-1;46.1118;-71.94962;27;58;souterain;1;0.8;Porcs a engraissement,;2100.000000,;5365.500000,;5365.5;Les elevages Prince, suide, lot 21B;Les elevages Prince;Princeville
157;-1;-1;46.1118;-71.94962;27;58;souterain;1;0.8;Porcs a engraissement,Porcelets sevres,Porcelets non sevres,Verrats,;1400.000000,700.000000,255.000000,4.000000,;3577.000000,638.400000,232.560000,21.900000,;4469.86;-;Ferme Caru inc.;-
158;-1;-1;46.18982;-71.79398;36;76;souterain;1;0.8;Porcs a engraissement,Porcelets sevres,;1750.000000,705.000000,;4471.250000,642.960000,;5114.21;Ferme Brujo inc.;Ferme Brujo inc.;Plessisville
159;-1;-1;46.09473;-71.85784;80;173;souterain;1;0.8;Genisses laitieres,Taures laitieres,Vaches laitieres,;15.000000,10.000000,60.000000,;127.575000,116.150000,2377.800000,;2621.53;Ferme JC Beauchesne SENC;Ferme JC Beauchesne SENC;Saint-Norbert-d'Arthabaska
160;-1;-1;46.1128;-71.79329;41;85;souterain;1;0.8;Genisses laitieres,Taures laitieres,Vaches laitieres,;20.000000,24.000000,70.000000,;170.100000,278.760000,2774.100000,;3222.96;Ferme Caouettale inc.;Ferme Caouettale inc.;Saint-Norbert-d'Arthabaska
161;-1;-1;45.92306;-71.85645;137;314;souterain;1;0.8;Genisses laitieres,Taures laitieres,Vaches laitieres,;10.000000,50.000000,50.000000,;85.050000,580.750000,1981.500000,;2647.3;Alain Roberge;Roberge,Alain;Tingwick
162;-1;-1;46.01624;-71.8649;85;186;souterain;1;0.8;Veaux de lait,;560.000000,;658.000000,;658;9167-1222 Quebec inc.;9167-1222 Quebec inc.;Saint-Christophe-d'Arthabaska
163;-1;-1;46.07842;-71.86026;82;179;souterain;1;0.8;Vaches laitieres,;70.000000,;2774.100000,;2774.1;Ferme Clemenceau inc.;Ferme Clemenceau inc.;Saint-Norbert-d'Arthabaska
164;-1;-1;45.97495;-71.85224;88;195;souterain;1;0.8;etalon,Jument et sa progeniture non sevree,;2.000000,34.000000,;,,;0;Rene Cote;Cote,Rene;Chesterville
165;-1;-1;45.92509;-72.07488;146;336;souterain;1;0.8;Genisses laitieres,Jument et sa progeniture non sevree,;38.000000,2.000000,;323.190000,,;323.19;Ferme Louis d'Or inc., lot 458;9277-5337 Quebec inc.;Sainte-elizabeth-de-Warwick
166;-1;-1;46.07628;-71.82391;82;178;souterain;1;0.8;Agneaux,Chevres de boucherie,Hongres,Vaches de boucherie,;2.000000,3.000000,10.000000,1.000000,;5.840000,17.376000,164.250000,17.838000,;205.304;Ferme les champs boises inc.;Ferme Les Champs Boises inc.;Saint-Norbert-d'Arthabaska
167;-1;-1;46.11556;-71.70409;45;95;souterain;1;0.8;Taureaux de boucherie,Vaches de boucherie,;1.000000,69.000000,;14.993000,1230.822000,;1245.82;Ferme Raygae inc., bovin laitier, principal;Ferme Raygae inc.;Sainte-Sophie-d'Halifax
168;-1;-1;45.9699;-71.80401;88;195;souterain;1;0.8;Genisses laitieres,Taures laitieres,Vaches laitieres,;15.000000,31.000000,54.000000,;127.575000,360.065000,2140.020000,;2627.66;Ferme Douce inc.;Ferme Douce inc.;Chesterville
169;-1;-1;46.0182;-72.19131;67;144;souterain;1;0.8;Genisses laitieres,Taures laitieres,Vaches laitieres,;30.000000,40.000000,120.000000,;255.150000,464.600000,4755.600000,;5475.35;Ferme Maienberg inc., bovin laitier, principal;Ferme Maienberg inc.;Sainte-Clotilde-de-Horton
170;-1;-1;46.10226;-71.76974;44;92;souterain;1;0.8;Genisses de boucherie,Vaches de boucherie,;10.000000,50.000000,;82.960000,891.900000,;974.86;Sylvain Savoie, bovin boucherie;Savoie,Sylvain;Saint-Norbert-d'Arthabaska
171;-1;-1;46.10226;-71.76974;44;92;souterain;1;0.8;Genisses de boucherie,Taures de boucherie,Vaches de boucherie,;3.000000,6.000000,36.000000,;24.888000,86.898000,642.168000,;753.954;-;Ferme Savoporc inc.;-
172;-1;-1;46.00336;-71.83658;87;192;souterain;1;0.8;Poulets a griller,Poulets a griller,Poulets a griller,Poulets a griller,;22000.000000,34000.000000,18300.000000,26300.000000,;1606.000000,2482.000000,1335.900000,1919.900000,;7343.8;Ferme Chaine inc.;Ferme Chaine inc.;Chesterville
173;-1;-1;46.02001;-72.27726;3;6;souterain;1;0.8;Genisses laitieres,Taures laitieres,Vaches laitieres,;28.000000,21.000000,75.000000,;238.140000,243.915000,2972.250000,;3454.3;Gregoire Audet, lot 39;Audet,Gregoire;Sainte-Clotilde-de-Horton
174;-1;-1;45.98122;-71.77674;92;204;souterain;1;0.8;Bovins de finition,Taureaux de boucherie,Taures de boucherie,Vaches de boucherie,;5.000000,1.000000,1.000000,31.000000,;28.155000,14.993000,14.483000,552.978000,;610.609;Ferme Bo-pre S.E.N.C.;Ferme Bo-Pre S.E.N.C.;Chesterville
175;-1;-1;45.90148;-72.05193;149;342;souterain;1;0.8;Genisses de boucherie,Taureau,Taures de boucherie,Vaches de boucherie,Veaux de grain finition,;10.000000,2.000000,3.000000,26.000000,18.000000,;82.960000,,43.449000,463.788000,59.724000,;649.921;Prince, Serge (lieu #1, lot:359);Prince,Serge;Sainte-elizabeth-de-Warwick
176;-1;-1;46.08963;-71.91435;24;51;souterain;1;0.8;Vaches laitieres,Vaches laitieres,;45.000000,101.000000,;1783.350000,4002.630000,;5785.98;Ferme Comestar 2010 inc., bovin laitier, lot 286;Oli-Fay Holstein inc.;Victoriaville
177;-1;-1;45.9488;-72.04947;146;337;souterain;1;0.8;Porcelets sevres,;1500.000000,;1368.000000,;1368;Renaud Laroche;Laroche,Renaud;Warwick
178;-1;-1;46.06211;-71.86583;82;178;souterain;1;0.8;Taureaux de boucherie,Vaches de boucherie,Veaux de grain pouponniere,;2.000000,3.000000,12.000000,;29.986000,53.514000,14.100000,;97.6;Vachon, Yvan;Vachon,Yvan;Saint-Norbert-d'Arthabaska
179;-1;-1;46.06364;-72.01788;19;41;souterain;1;0.8;Poules pour oeufs de consommation,;65100.000000,;4752.300000,;4752.3;Ferme A.B.S. inc., lot 3 434 322;Ferme A.B.S. inc.;Victoriaville
180;-1;-1;45.89253;-72.06122;149;342;souterain;1;0.8;etalon,Taures de boucherie,;1.000000,10.000000,;,144.830000,;144.83;Prince, Serge (lot 366);Prince,Serge;Sainte-elizabeth-de-Warwick
181;-1;-1;46.02694;-71.84166;85;186;souterain;1;0.8;etalon,Vaches de boucherie,;4.000000,1.000000,;,17.838000,;17.838;Ranch des deux montagnes S.E.N.C., bovin boucherie;Ranch des Deux-Montagnes S.E.N.C.;Saint-Christophe-d'Arthabaska
182;-1;-1;45.9276;-72.00968;139;318;souterain;1;0.8;Genisses laitieres,Taures laitieres,Vaches laitieres,;13.000000,14.000000,38.000000,;110.565000,162.610000,1505.940000,;1779.12;Ferme Chabotte inc.;Ferme Chabotte inc.;Warwick
183;-1;-1;46.05235;-71.80915;82;178;souterain;1;0.8;etalon,;2.000000,;,;0;Boilard, Gilles;Boilard,Gilles;Saint-Norbert-d'Arthabaska
184;-1;-1;45.90518;-71.96167;142;326;souterain;1;0.8;Genisses laitieres,Taures laitieres,Vaches laitieres,;45.000000,45.000000,180.000000,;382.725000,522.675000,7133.400000,;8038.8;Ferme Guymari inc.;Ferme Guymari inc.;Tingwick
185;-1;-1;45.88096;-71.94527;154;355;souterain;1;0.8;Jument et sa progeniture non sevree,Lapine et sa progeniture jusqu'a l'abattage,;2.000000,5.000000,;,,;0;Beatrice Drouin Heneault;Drouin Heneault,Beatrice;Tingwick
186;-1;-1;45.96421;-71.8442;88;194;souterain;1;0.8;Taureaux de boucherie,Taures de boucherie,Vaches de boucherie,;16.000000,17.000000,59.000000,;239.888000,246.211000,1052.442000,;1538.54;J.J. Barrette & Associes inc.;J.J. Barrette & Associes inc.;Chesterville
187;-1;-1;45.96847;-72.0588;145;335;souterain;1;0.8;Porcelets sevres,;3557.000000,;3243.984000,;3243.98;Fermes Ducharme inc., suide, pouponniere;Fermes Ducharme inc.;Saint-Albert
188;-1;-1;45.92435;-71.77063;98;219;souterain;1;0.8;Veaux de lait,;425.000000,;499.375000,;499.375;Lactaveau (1989) inc., bovin boucherie, lot 322;Lactaveau (1989) inc.;Chesterville
189;-1;-1;46.08562;-71.90377;80;174;souterain;1;0.8;Porcs a engraissement,;750.000000,;1916.250000,;1916.25;Ferme Porpo-Tech inc., lot 279;Ferme Porpo-Tech inc.;Victoriaville
190;-1;-1;46.08562;-71.90377;80;174;souterain;1;0.8;Porcs a engraissement,;770.000000,;1967.350000,;1967.35;-;Letourneau,Yan;-
191;-1;-1;46.13253;-71.8054;41;85;souterain;1;0.8;Beliers,Agneaux,;2.000000,75.000000,;5.840000,219.000000,;224.84;Jacques Beaudoin;Beaudoin,Jacques;Saint-Norbert-d'Arthabaska
192;-1;-1;45.87445;-72.05391;151;347;souterain;1;0.8;Genisses laitieres,Hongres,Jument et sa progeniture non sevree,Taures laitieres,Vaches laitieres,;25.000000,2.000000,2.000000,20.000000,60.000000,;212.625000,32.850000,,232.300000,2377.800000,;2855.58;Ferme Gilles Prevost inc.;Ferme Gilles Prevost inc.;Kingsey Falls
193;-1;-1;45.99961;-71.88677;86;190;souterain;1;0.8;Jument et sa progeniture non sevree,Vaches de boucherie,;10.000000,25.000000,;,445.950000,;445.95;Richard Pothier;Pothier,Richard;Saint-Christophe-d'Arthabaska
194;-1;-1;46.02828;-71.72976;63;135;souterain;1;0.8;Genisses laitieres,Taures laitieres,Vaches laitieres,;10.000000,10.000000,10.000000,;85.050000,116.150000,396.300000,;597.5;ABC Landry inc.;ABC Landry inc.;Sainte-Helene-de-Chester
195;-1;-1;46.12991;-72.0237;15;32;souterain;1;0.8;Porcs a engraissement,;2000.000000,;5110.000000,;5110;Engrais Ducharme inc., suide, engraissement, lot 401 et 402;Engrais Ducharme inc.;Saint-Rosaire
196;-1;-1;46.12991;-72.0237;15;32;souterain;1;0.8;Porcs a engraissement,;1897.000000,;4846.835000,;4846.84;-;Ferme Mafran inc.;-
197;-1;-1;46.00536;-71.84246;87;192;souterain;1;0.8;Dindons a griller,Poulets a griller,;2500.000000,96000.000000,;72.500000,7008.000000,;7080.5;Ferme Gilles Desharnais inc.;Ferme Gilles Desharnais inc.;Saint-Christophe-d'Arthabaska
198;-1;-1;46.02442;-72.18625;67;146;souterain;1;0.8;Bouc adulte,Chevres laitieres,Chevrette ou chevreau (de 3 jours a 364 jours),etalon,;5.000000,290.000000,300.000000,2.000000,;,1679.680000,,,;1679.68;Ferme Porcilait inc., bovin laitier;Ferme Porcilait inc.;Sainte-Clotilde-de-Horton
199;-1;-1;45.88805;-71.89086;156;361;souterain;1;0.8;Genisses laitieres,Vaches laitieres,;67.000000,9.000000,;569.835000,356.670000,;926.505;Ferme La Bichette inc., caprin;Ferme La Bichette inc.;Tingwick
200;-1;-1;46.02239;-72.03867;75;164;souterain;1;0.8;Poules pour oeufs incubation,Poulettes pour oeufs incubation,;1095.000000,10955.000000,;79.935000,799.715000,;879.65;Ferme avicole St-Pierre inc., volaille, lot 766;Ferme avicole St-Pierre inc.;Saint-Albert
201;-1;-1;46.13254;-71.77133;42;88;souterain;1;0.8;Hongres,Taureaux de boucherie,Vaches de boucherie,;4.000000,1.000000,53.000000,;65.700000,14.993000,945.414000,;1026.11;Laurent Poirier, site 2;Poirier,Laurent;Sainte-Sophie-d'Halifax
202;-1;-1;46.07622;-71.73404;47;99;souterain;1;0.8;etalon,Bovins de finition,;2.000000,420.000000,;,2365.020000,;2365.02;Ferme Par Monts et Par Veaux inc.;Ferme Par Monts et Par Veaux inc.;Saint-Norbert-d'Arthabaska
203;-1;-1;46.00243;-71.87959;86;190;souterain;1;0.8;Jument et sa progeniture non sevree,Poules pour oeufs de consommation,;1.000000,4.000000,;,0.292000,;0.292;Jean-Marie Gauthier;Gauthier,Jean-Marie;Saint-Christophe-d'Arthabaska
204;-1;-1;45.86813;-71.91311;156;359;souterain;1;0.8;Veaux de lait,;600.000000,;705.000000,;705;Ferme Ame-Pierre S.E.N.C.;Ferme Ame-Pierre S.E.N.C.;Tingwick
205;-1;-1;46.07181;-71.84825;82;178;souterain;1;0.8;Agnelles de remplacement,Beliers,Agneaux,Jument et sa progeniture non sevree,;8.000000,2.000000,86.000000,2.000000,;9.760000,5.840000,251.120000,,;266.72;Sylvain Labbe;Labbe,Sylvain;Saint-Norbert-d'Arthabaska
206;-1;-1;46.13266;-71.90294;30;64;souterain;1;0.8;Bisons,Vaches de boucherie,;7.000000,35.000000,;114.975000,624.330000,;739.305;Gaetan Frechette (enclos et etable froide ) site#2;Frechette,Gaetan;Princeville
207;-1;-1;46.0105;-72.22204;4;8;souterain;1;0.8;Porcs a engraissement,;2300.000000,;5876.500000,;5876.5;9009-8880 Quebec inc.;9009-8880 Quebec inc.;Sainte-Clotilde-de-Horton
208;-1;-1;46.12088;-71.85061;80;174;souterain;1;0.8;Cochettes,;760.000000,;4715.800000,;4715.8;Ferme Pinson inc.;Ferme Pinson inc.;Saint-Norbert-d'Arthabaska
209;-1;-1;46.04439;-72.05932;64;139;souterain;1;0.8;Porcelets sevres,;3496.000000,;3188.352000,;3188.35;Ferme Mafran inc., suide, pouponniere;Ferme Mafran inc.;Saint-Valere
210;-1;-1;45.88848;-71.7987;124;283;souterain;1;0.8;Bovins de finition,Bovins de semi finition,Bovins de semi finition,Taureaux de boucherie,Taures de boucherie,;410.000000,275.000000,250.000000,29.000000,66.000000,;2308.710000,1120.075000,1018.250000,434.797000,955.878000,;5837.71;Parc GBL Highland inc., lot 967;Parc GBL Highland inc.;Saint-Remi-de-Tingwick
211;-1;-1;46.04092;-72.23802;4;8;souterain;1;0.8;Genisses laitieres,Taures laitieres,Vaches laitieres,;31.000000,28.000000,52.000000,;263.655000,325.220000,2060.760000,;2649.64;Normand Bergeron;Bergeron,Normand;Saint-Samuel
212;-1;-1;45.92064;-72.04441;148;341;souterain;1;0.8;Porcs a engraissement,;900.000000,;2299.500000,;2299.5;Ferme Berlu inc., suide, lot 348;Fermes Cleoporc inc.;Warwick
213;-1;-1;45.88384;-71.94025;154;355;souterain;1;0.8;Genisses laitieres,Vaches laitieres,;25.000000,65.000000,;212.625000,2575.950000,;2788.58;Ferme des P' tits Bateaux inc. bovin laitier, lot 488;Ferme des P'tits bateaux inc.;Tingwick
214;-1;-1;45.89934;-72.03221;149;343;souterain;1;0.8;etalon,Jument et sa progeniture non sevree,Poulains et pouliches,;2.000000,10.000000,7.000000,;,,114.975000,;114.975;Jean-Claude Marchand;Marchand,Jean-Claude;Warwick
215;-1;-1;46.07314;-71.84235;82;178;souterain;1;0.8;Porcs a engraissement,;1550.000000,;3960.250000,;3960.25;Yan Letourneau;Letourneau,Yan;Saint-Norbert-d'Arthabaska
216;-1;-1;46.00276;-72.0774;75;163;souterain;1;0.8;Genisses laitieres,Taures laitieres,;267.000000,264.000000,;2270.835000,3066.360000,;5337.19;Ferme Landrynoise inc., bovin laitier, lot 790;Ferme Landrynoise inc.;Saint-Albert
217;-1;-1;46.04434;-72.23235;68;148;souterain;1;0.8;Vaches laitieres,;71.000000,;2813.730000,;2813.73;Ferme Bernoise S.E.N.C., bovin laitier, principal;Ferme Bernoise S.E.N.C.;Saint-Samuel
218;-1;-1;45.93812;-71.74156;94;207;souterain;1;0.8;Genisses laitieres,Taures laitieres,Vaches laitieres,;35.000000,20.000000,70.000000,;297.675000,232.300000,2774.100000,;3304.08;Ferme Deslu inc., bovin laitier;Ferme Deslu inc.;Chesterville
219;-1;-1;45.90564;-71.92921;154;355;souterain;1;0.8;Porcelets sevres,;4200.000000,;3830.400000,;3830.4;Ferme Tingwick S.E.N.C., suide, pouponniere;Ferme Tingwick S.E.N.C.;Tingwick
220;-1;-1;46.02178;-71.86852;85;186;souterain;1;0.8;Poulets a griller,;12000.000000,;876.000000,;876;Luc Desharnais;Desharnais,Luc;Saint-Christophe-d'Arthabaska
221;-1;-1;45.98499;-72.01087;128;295;souterain;1;0.8;Genisses laitieres,Taures laitieres,Vaches laitieres,;70.000000,30.000000,95.000000,;595.350000,348.450000,3764.850000,;4708.65;Ferme Bernoux inc.;Ferme Bernoux inc.;Warwick
222;-1;-1;46.09601;-72.11425;11;24;souterain;1;0.8;Porcelets sevres,Porcelets sevres,;2482.000000,2483.000000,;2263.584000,2264.496000,;4528.08;Engrais Ducharme inc., suide, pouponniere;Ferme Mafran inc.;Saint-Valere
223;-1;-1;45.95588;-72.04245;139;318;souterain;1;0.8;Genisses laitieres,Taures laitieres,Vaches laitieres,;5.000000,16.000000,40.000000,;42.525000,185.840000,1585.200000,;1813.57;Johanne Beland et Jacques Couture;Johanne Beland et Jacques Couture;Warwick
224;-1;-1;45.89059;-71.88831;156;361;souterain;1;0.8;Genisses laitieres,Taures laitieres,;80.000000,30.000000,;680.400000,348.450000,;1028.85;Ferme Rollere inc., bovin laitier, lots 595 et 596;Ferme Rollere inc.;Tingwick
225;-1;-1;46.00061;-71.82651;87;192;souterain;1;0.8;Genisses laitieres,Taures laitieres,Vaches laitieres,Vaches laitieres,Vaches laitieres,;70.000000,50.000000,70.000000,185.000000,55.000000,;595.350000,580.750000,2774.100000,7331.550000,2179.650000,;13461.4;Ferme G.M.H. inc., bovin laitier;Ferme G.M.H. inc.;Chesterville
226;-1;-1;46.0086;-71.9254;84;184;souterain;1;0.8;Taureaux de boucherie,Taures de boucherie,Vaches de boucherie,;1.000000,5.000000,35.000000,;14.993000,72.415000,624.330000,;711.738;Carl Messier;Messier,Carl;Saint-Christophe-d'Arthabaska
227;-1;-1;45.97935;-72.04984;145;335;souterain;1;0.8;Genisses laitieres,Taures laitieres,Vaches laitieres,Vaches laitieres,;65.000000,38.000000,125.000000,23.000000,;552.825000,441.370000,4953.750000,911.490000,;6859.43;Ferme Irma inc., bovin laitier, principal;Ferme Irma inc.;Saint-Albert
228;-1;-1;46.12607;-72.0048;15;33;souterain;1;0.8;Genisses laitieres,Taures laitieres,;15.000000,55.000000,;127.575000,638.825000,;766.4;Ferme Speedo inc;Ferme Speedo inc.;Saint-Rosaire
229;-1;-1;46.11138;-71.68968;45;93;souterain;1;0.8;Porcs a engraissement,;1650.000000,;4215.750000,;4215.75;Vivaco, Groupe cooperatif, suide, engraissement;Vivaco, Groupe cooperatif;Sainte-Sophie-d'Halifax
230;-1;-1;46.02905;-71.88338;85;188;souterain;1;0.8;Genisses laitieres,Taures laitieres,Vaches laitieres,;37.000000,40.000000,85.000000,;314.685000,464.600000,3368.550000,;4147.84;Ferme Fortale Holstein inc.;Ferme Fortale Holstein inc.;Saint-Christophe-d'Arthabaska
231;-1;-1;45.93531;-71.65415;105;234;souterain;1;0.8;Genisses laitieres,Taureaux laitiers,Taures laitieres,Vaches laitieres,;13.000000,1.000000,14.000000,8.000000,;110.565000,14.993000,162.610000,317.040000,;605.208;Ferme Belle Riviere & Fils inc., bovin laitier, lot 7B;Ferme Belle Riviere & Fils inc.;Ham-Nord
232;-1;-1;46.06574;-71.88849;81;176;souterain;1;0.8;Genisses laitieres,Taures laitieres,Vaches laitieres,;25.000000,12.000000,28.000000,;212.625000,139.380000,1109.640000,;1461.64;Urs Bernet;Bernet,Urs;Saint-Norbert-d'Arthabaska
233;-1;-1;46.02901;-72.1811;67;145;souterain;1;0.8;Veaux de grain pouponniere,;870.000000,;1022.250000,;1022.25;Napierveau ltee, bovin boucherie, lot 239;Napierveau ltee;Sainte-Clotilde-de-Horton
234;-1;-1;46.02901;-72.1811;67;145;souterain;1;0.8;Veaux de grain pouponniere,;816.000000,;958.800000,;958.8;-;Lactaveau (1989) inc.;-
235;-1;-1;46.09715;-71.80437;82;180;souterain;1;0.8;Agneaux,Agneaux,Agneaux,Hongres,;100.000000,90.000000,120.000000,4.000000,;292.000000,262.800000,350.400000,65.700000,;970.9;Bergerie Cinq etoiles, ovin lots 67 et 68;Bergerie Cinq etoiles;Saint-Norbert-d'Arthabaska
236;-1;-1;46.03855;-71.86728;85;188;souterain;1;0.8;Genisses de boucherie,Taureaux de boucherie,Vaches de boucherie,;4.000000,2.000000,50.000000,;33.184000,29.986000,891.900000,;955.07;Ferme Mijane S.E.N.C., lot 23;Ferme Mijane S.E.N.C.;Saint-Christophe-d'Arthabaska
237;-1;-1;45.90466;-72.02869;149;343;souterain;1;0.8;Genisses laitieres,Taures laitieres,Vaches laitieres,;12.000000,6.000000,34.000000,;102.060000,69.690000,1347.420000,;1519.17;Commission scolaire des Bois-Francs;Boutin,Jean-Francois;Warwick
238;-1;-1;46.00474;-71.98807;127;291;souterain;1;0.8;Genisses laitieres,Hongres,Taures laitieres,Vaches laitieres,;16.000000,1.000000,4.000000,10.000000,;136.080000,16.425000,46.460000,396.300000,;595.265;Meinrad Mesot;Mesot,Meinrad;Warwick
239;-1;-1;45.8805;-72.04988;151;347;souterain;1;0.8;Genisses de boucherie,Taureaux de boucherie,Vaches de boucherie,;15.000000,1.000000,35.000000,;124.440000,14.993000,624.330000,;763.763;9072-5722 Quebec inc., bovin laitier;9072-5722 Quebec inc.;Kingsey Falls
240;-1;-1;45.89894;-71.78703;124;283;souterain;1;0.8;Bovins de finition,Taureaux de boucherie,Taures de boucherie,;33.000000,2.000000,3.000000,;185.823000,29.986000,43.449000,;259.258;Patrick Picard;Picard,Patrick;Saint-Remi-de-Tingwick
241;-1;-1;45.94168;-71.8159;89;196;souterain;1;0.8;Porcs a engraissement,;1800.000000,;4599.000000,;4599;Reginald Desharnais;Desharnais,Reginald;Chesterville
242;-1;-1;45.98607;-71.882;86;189;souterain;1;0.8;Agnelles de remplacement,Beliers,Agneaux,;46.000000,10.000000,478.000000,;56.120000,29.200000,1395.760000,;1481.08;Jonathan Verville;Verville,Jonathan;Saint-Christophe-d'Arthabaska
243;-1;-1;46.1471;-71.87239;32;68;souterain;1;0.8;Taures laitieres,;33.000000,;383.295000,;383.295;Ferme Yogi inc.;Ferme Yogi inc.;Princeville
244;-1;-1;46.08881;-71.83161;82;180;souterain;1;0.8;Genisses laitieres,Taures laitieres,Vaches laitieres,;12.000000,35.000000,69.000000,;102.060000,406.525000,2734.470000,;3243.06;Ferme Marifranc inc., bovin laitier, principal;Ferme Marifranc inc.;Saint-Norbert-d'Arthabaska
245;-1;-1;46.09477;-71.98541;20;43;souterain;1;0.8;Genisses laitieres,Vaches laitieres,;21.000000,75.000000,;178.605000,2972.250000,;3150.86;Torene S.E.N.C., bovin laitier, principal;Torene S.E.N.C.;Victoriaville
246;-1;-1;46.09477;-71.98541;20;43;souterain;1;0.8;Genisses laitieres,Taures laitieres,Taures laitieres,Vaches laitieres,;90.000000,101.000000,50.000000,190.000000,;765.450000,1173.115000,580.750000,7529.700000,;10049;-;Ferme Torene inc.;-
247;-1;-1;45.93371;-71.84361;125;288;souterain;1;0.8;Genisses laitieres,Taures laitieres,Vaches laitieres,;17.000000,24.000000,40.000000,;144.585000,278.760000,1585.200000,;2008.55;Ferme Requette SENC;Ferme Requette SENC;Tingwick
248;-1;-1;45.98418;-72.0471;145;335;souterain;1;0.8;Genisses laitieres,Taures laitieres,Vaches laitieres,;40.000000,25.000000,120.000000,;340.200000,290.375000,4755.600000,;5386.18;Ferme Sonnhalde inc.;Ferme Sonnhalde inc.;Warwick
249;-1;-1;46.02688;-71.959;127;292;souterain;1;0.8;Taures laitieres,Vaches laitieres,;30.000000,4.000000,;348.450000,158.520000,;506.97;Sylvie Loiselle, bovin boucherie, lot 3;Loiselle,Sylvie;Saint-Christophe-d'Arthabaska
250;-1;-1;45.99419;-72.03596;128;294;souterain;1;0.8;Genisses laitieres,Genisses laitieres,Taures laitieres,Vaches laitieres,;15.000000,45.000000,28.000000,107.000000,;127.575000,382.725000,325.220000,4240.410000,;5075.93;Ferme Houlys inc.;Ferme Houlys Inc.;Warwick
251;-1;-1;46.05509;-71.91339;79;171;souterain;1;0.8;Genisses laitieres,Taures laitieres,Taures laitieres,Vaches laitieres,Vaches laitieres,;44.000000,12.000000,54.000000,101.000000,15.000000,;374.220000,139.380000,627.210000,4002.630000,594.450000,;5737.89;Ferme Fleury & Fils inc.;Ferme Fleury & Fils inc.;Saint-Christophe-d'Arthabaska
252;-1;-1;46.10069;-72.13764;9;20;souterain;1;0.8;Porcelets sevres,;7200.000000,;6566.400000,;6566.4;9317-9216 Quebec inc., suide;Ferme Lyjean (2013) inc.;Saint-Valere
253;-1;-1;46.10069;-72.13764;9;20;souterain;1;0.8;Porcelets sevres,;7200.000000,;6566.400000,;6566.4;-;Les Fermes J.G.V. inc.;-
254;-1;-1;46.02595;-72.21375;68;149;souterain;1;0.8;Porcelets sevres,;1800.000000,;1641.600000,;1641.6;Ferme L.M. Cochons S.E.N.C.;Ferme L.M. Cochons S.E.N.C.;Saint-Samuel
255;-1;-1;46.06451;-72.28676;2;5;souterain;1;0.8;Genisses laitieres,Vaches laitieres,;10.000000,50.000000,;85.050000,1981.500000,;2066.55;Societe Rene et Carmen Eicher SENC, bovin laitier, principal;Societe Rene et Carmen Eicher SENC;Sainte-Eulalie
256;-1;-1;46.01637;-72.2202;4;8;souterain;1;0.8;Genisses laitieres,Taures laitieres,Vaches laitieres,;27.000000,8.000000,88.000000,;229.635000,92.920000,3487.440000,;3809.99;Ferme Lambertau inc.;Ferme Lambertau inc.;Sainte-Clotilde-de-Horton
257;-1;-1;46.03764;-71.86239;85;188;souterain;1;0.8;Vaches de boucherie,;42.000000,;749.196000,;749.196;Line Therrien, bovin boucherie, lot 22;Therrien,Line;Saint-Christophe-d'Arthabaska
258;-1;-1;45.98329;-72.10559;75;163;souterain;1;0.8;Genisses laitieres,Taures laitieres,Vaches laitieres,;75.000000,30.000000,127.000000,;637.875000,348.450000,5033.010000,;6019.34;Ferme Francelin inc.;Ferme Francelin inc.;Saint-Albert
259;-1;-1;45.98028;-72.1066;75;163;souterain;1;0.8;Porcs a engraissement,;1515.000000,;3870.825000,;3870.83;Ferme Bernard Arel inc., suide, lot 805;Ferme Bernard Arel inc.;Saint-Albert
260;-1;-1;46.17214;-71.84238;35;74;souterain;1;0.8;Veaux de grain pouponniere,;100.000000,;117.500000,;117.5;Ferme Nobliau inc., bovin boucherie, lots 7A et 7B;Ferme Nobliau inc.;Princeville
261;-1;-1;45.90527;-71.87404;135;310;souterain;1;0.8;Genisses laitieres,Genisses laitieres,Taures laitieres,Vaches laitieres,Vaches laitieres,;18.000000,22.000000,52.000000,20.000000,179.000000,;153.090000,187.110000,603.980000,792.600000,7093.770000,;8830.55;Ferme La Bichette inc., bovin laitier;Ferme La Bichette inc.;Tingwick
262;-1;-1;46.1024;-71.97806;20;43;souterain;1;0.8;Genisses laitieres,Taures laitieres,Vaches laitieres,;100.000000,40.000000,140.000000,;850.500000,464.600000,5548.200000,;6863.3;Otto Schmucky;Ferme Schmucky inc.;Victoriaville
263;-1;-1;45.90658;-71.6402;105;234;souterain;1;0.8;Vaches de boucherie,;40.000000,;713.520000,;713.52;Ferme Rene Plante;Ferme Rene Plante;Ham-Nord
264;-1;-1;46.00387;-72.07925;75;163;souterain;1;0.8;Porcs a engraissement,Porcs a engraissement,;482.000000,483.000000,;1231.510000,1234.065000,;2465.57;Fermes Ducharme inc., suide, engraissement, lot 790;Fermes Ducharme inc.;Saint-Albert
265;-1;-1;46.09735;-71.92255;24;51;souterain;1;0.8;Genisses laitieres,Taures laitieres,Vaches laitieres,Vaches laitieres,;95.000000,80.000000,310.000000,20.000000,;807.975000,929.200000,12285.300000,792.600000,;14815.1;OLI-FAY Holstein inc., lots 3435691 et 3435692;Ferme Comestar Holstein inc.;Victoriaville
266;-1;-1;46.09314;-72.01969;13;27;souterain;1;0.8;Poules pour oeufs de consommation,;32500.000000,;2372.500000,;2372.5;Ferme l'Oiseau Blanc inc.;Ferme l'Oiseau Blanc inc.;Saint-Valere
267;-1;-1;46.10773;-72.16509;8;18;souterain;1;0.8;Gros poulets,;4600.000000,;64.400000,;64.4;Porcivet inc., volaille;Porcivet inc.;Sainte-Eulalie
268;-1;-1;45.87095;-71.92333;156;360;souterain;1;0.8;Hongres,Veaux de lait,;15.000000,221.000000,;246.375000,259.675000,;506.05;Ferme Maguy S.E.N.C.;Ferme Maguy S.E.N.C.;Tingwick
269;-1;-1;45.96475;-72.034;145;335;souterain;1;0.8;Genisses laitieres,Taures laitieres,Vaches laitieres,;40.000000,40.000000,80.000000,;340.200000,464.600000,3170.400000,;3975.2;Ferme Telefils inc.;Ferme Telefils inc.;Warwick
270;-1;-1;45.98971;-71.95639;144;332;souterain;1;0.8;Genisses laitieres,Taures laitieres,Vaches laitieres,;26.000000,20.000000,45.000000,;221.130000,232.300000,1783.350000,;2236.78;Ferme Baldaire inc.;Ferme Baldaire inc.;Warwick
271;-1;-1;46.09576;-71.99889;13;27;souterain;1;0.8;Lapin,Lapine et sa progeniture jusqu'a l'abattage,;12.000000,197.000000,;,,;0;9060-1253 Quebec inc.;9060-1253 Quebec inc.;Victoriaville
272;-1;-1;46.11491;-71.79711;41;85;souterain;1;0.8;Veaux de lait,;190.000000,;223.250000,;223.25;Jerome Gardner;Napierveau ltee;Saint-Norbert-d'Arthabaska
273;-1;-1;46.11491;-71.79711;41;85;souterain;1;0.8;Veaux de lait,;188.000000,;220.900000,;220.9;-;Gauvreau,Martin;-
274;-1;-1;45.91708;-72.08393;147;338;souterain;1;0.8;Genisses laitieres,Vaches laitieres,;5.000000,45.000000,;42.525000,1783.350000,;1825.88;Ferme Bermoniel inc., bovin laitier, principal;Ferme Bermoniel inc.;Sainte-elizabeth-de-Warwick
275;-1;-1;46.08822;-72.03757;13;27;souterain;1;0.8;Agneaux,Agneaux,Agnelles de remplacement,Beliers,Agneaux,;125.000000,200.000000,120.000000,20.000000,500.000000,;365.000000,584.000000,146.400000,58.400000,1460.000000,;2613.8;Ferme Guyline 2001 inc.;Ferme Guyline 2001 inc.;Saint-Valere
276;-1;-1;45.9191;-71.70261;100;222;souterain;1;0.8;Jument et sa progeniture non sevree,Veaux de lait,;4.000000,380.000000,;,446.500000,;446.5;Lise Nolette;Nolette,Lise;Notre-Dame-de-Ham
277;-1;-1;45.95286;-72.00062;129;297;souterain;1;0.8;Genisses laitieres,Taures laitieres,Vaches laitieres,;42.000000,35.000000,100.000000,;357.210000,406.525000,3963.000000,;4726.74;Ferme Desro S.E.N.C.;Ferme Desro S.E.N.C.;Warwick
278;-1;-1;45.95286;-72.00062;129;297;souterain;1;0.8;Taures laitieres,Vaches laitieres,;35.000000,100.000000,;406.525000,3963.000000,;4369.53;-;9327-7333 Quebec inc.;-
279;-1;-1;46.01546;-71.97547;127;292;souterain;1;0.8;Genisses laitieres,Vaches laitieres,Vaches laitieres,;10.000000,50.000000,140.000000,;85.050000,1981.500000,5548.200000,;7614.75;Ferme Pepinette inc., bovin laitier;Ferme Pepinette inc.;Warwick
280;-1;-1;45.86982;-71.95181;154;354;souterain;1;0.8;Genisses laitieres,Vaches laitieres,Vaches laitieres,Vaches laitieres,;100.000000,364.000000,60.000000,409.000000,;850.500000,14425.320000,2377.800000,16208.670000,;33862.3;Ferme Roulante enr., bovin laitier, lot 5 500 537;Ferme Roulante enr.;Tingwick
281;-1;-1;46.06445;-71.86285;82;178;souterain;1;0.8;Agneaux,Agnelles de remplacement,Beliers,Agneaux,;200.000000,50.000000,10.000000,450.000000,;584.000000,61.000000,29.200000,1314.000000,;1988.2;Les services S. Bibeau inc.;Les services S. Bibeau inc.;Saint-Norbert-d'Arthabaska
282;-1;-1;46.07124;-72.07945;12;25;souterain;1;0.8;Porcs a engraissement,;1180.000000,;3014.900000,;3014.9;Ferme Gerald Hebert inc., suide;Ferme Gerald Hebert inc.;Saint-Valere
283;-1;-1;46.06497;-71.83253;82;178;souterain;1;0.8;Vaches de boucherie,;8.000000,;142.704000,;142.704;Denis Roberge;Roberge,Denis;Saint-Norbert-d'Arthabaska
284;-1;-1;46.08648;-72.01539;13;27;souterain;1;0.8;Genisses laitieres,Taures laitieres,Vaches laitieres,;35.000000,18.000000,80.000000,;297.675000,209.070000,3170.400000,;3677.14;Ferme Kramer inc.;Ferme Kramer inc.;Saint-Valere
285;-1;-1;46.05918;-72.25658;3;7;souterain;1;0.8;Veaux de lait,;576.000000,;676.800000,;676.8;Napierveau ltee, bovin boucherie, lot 117;Napierveau ltee;Saint-Samuel
286;-1;-1;45.90902;-71.66022;105;235;souterain;1;0.8;Agneaux,Agnelles de remplacement,Beliers,Agneaux,;150.000000,37.000000,7.000000,256.000000,;438.000000,45.140000,20.440000,747.520000,;1251.1;Bergerie de la Montagne inc.;Bergerie de la Montagne inc.;Ham-Nord
287;-1;-1;46.13957;-71.83431;39;81;souterain;1;0.8;Vaches laitieres,;34.000000,;1347.420000,;1347.42;Ferme Perreault 2000 inc.;Ferme Perreault 2000 inc.;Princeville
288;-1;-1;46.16683;-71.80507;39;82;souterain;1;0.8;Pintades,Taures laitieres,;1000.000000,35.000000,;146.000000,406.525000,;552.525;Ferme Bruno Guerard inc.;Ferme Bruno Guerard inc.;Princeville
289;-1;-1;46.09739;-71.83683;80;173;souterain;1;0.8;Vaches laitieres,;28.000000,;1109.640000,;1109.64;Ferme Belles-Feuilles S.E.N.C.;Ferme Belles-Feuilles S.E.N.C.;Saint-Norbert-d'Arthabaska
290;-1;-1;46.09739;-71.83683;80;173;souterain;1;0.8;Genisses laitieres,Taures laitieres,Vaches laitieres,;7.000000,11.000000,35.000000,;59.535000,127.765000,1387.050000,;1574.35;-;Thibodeau,Olivier;-
291;-1;-1;46.05266;-72.22612;5;10;souterain;1;0.8;Taures laitieres,;100.000000,;1161.500000,;1161.5;Ferme Bergeroy S.E.N.C., bovin laitier, lot 108, nord;Ferme Bergeroy S.E.N.C.;Saint-Samuel
292;-1;-1;46.05266;-72.22612;5;10;souterain;1;0.8;Taures laitieres,;135.000000,;1568.025000,;1568.03;-;Bergeroy Holstein inc.;-
293;-1;-1;45.96467;-71.81816;88;195;souterain;1;0.8;Genisses laitieres,Taures laitieres,Vaches laitieres,;32.000000,8.000000,43.000000,;272.160000,92.920000,1704.090000,;2069.17;Ferme Champselise inc.;Ferme Champselise inc.;Chesterville
294;-1;-1;45.91904;-71.85709;137;314;souterain;1;0.8;Genisses laitieres,Vaches laitieres,;30.000000,110.000000,;255.150000,4359.300000,;4614.45;Ferme Nauly S.E.N.C.;Ferme Nauly 2001 inc.;Tingwick
295;-1;-1;46.13683;-71.81689;41;85;souterain;1;0.8;Genisses laitieres,Vaches laitieres,;32.000000,29.000000,;272.160000,1149.270000,;1421.43;Ferme Legil inc., bovin laitier, lot 477;Ferme Legil inc.;Saint-Norbert-d'Arthabaska
296;-1;-1;46.13726;-71.77876;41;86;souterain;1;0.8;Taures laitieres,;48.000000,;557.520000,;557.52;Ferme Legil inc., bovin laitier, lot 1317;Ferme Legil inc.;Sainte-Sophie-d'Halifax
297;-1;-1;46.09363;-71.85449;80;173;souterain;1;0.8;Veaux de lait,;452.000000,;531.100000,;531.1;Ferme St-Norbert inc.;Ferme St-Norbert inc.;Saint-Norbert-d'Arthabaska
298;-1;-1;45.92953;-72.03144;139;318;souterain;1;0.8;Genisses laitieres,Taures laitieres,Vaches laitieres,Vaches laitieres,;45.000000,15.000000,5.000000,60.000000,;382.725000,174.225000,198.150000,2377.800000,;3132.9;Ferme Boutinette inc., bovin laitier, principal;Ferme Boutinette inc.;Warwick
299;-1;-1;46.06949;-72.21263;6;13;souterain;1;0.8;Genisses laitieres,Taures laitieres,Vaches laitieres,;20.000000,20.000000,80.000000,;170.100000,232.300000,3170.400000,;3572.8;Bergerent Holstein inc.;Bergerent Holstein inc.;Saint-Samuel
300;-1;-1;45.99875;-72.16074;67;146;souterain;1;0.8;Vaches laitieres,;50.000000,;1981.500000,;1981.5;Ferme Joystein inc., bovin laitier;Ferme Joystein inc.;Sainte-Clotilde-de-Horton
301;-1;-1;45.93662;-71.65655;105;234;souterain;1;0.8;Genisses laitieres,Vaches laitieres,;10.000000,49.000000,;85.050000,1941.870000,;2026.92;Ferme Belle Riviere & Fils inc., bovin laitier, lot 7A;Ferme Belle Riviere & Fils inc.;Ham-Nord
302;-1;-1;45.94848;-71.87532;133;306;souterain;1;0.8;Genisses laitieres,Taures laitieres,Vaches laitieres,;12.000000,38.000000,60.000000,;102.060000,441.370000,2377.800000,;2921.23;Ferme Lumajo  S.E.N.C.;Ferme Lumajo S.E.N.C.;Tingwick
303;-1;-1;46.09709;-71.99003;20;43;souterain;1;0.8;Genisses laitieres,Genisses laitieres,Vaches laitieres,;40.000000,15.000000,150.000000,;340.200000,127.575000,5944.500000,;6412.27;Ferme Speedo inc.;Ferme Speedo inc.;Victoriaville
304;-1;-1;46.06402;-72.05213;19;40;souterain;1;0.8;Hongres,Jument et sa progeniture non sevree,;19.000000,8.000000,;312.075000,,;312.075;Ranch Jo-Bill S.E.N.C.;Ranch Jo-Bill S.E.N.C.;Saint-Valere
305;-1;-1;46.16368;-71.78798;39;82;souterain;1;0.8;Genisses laitieres,Vaches laitieres,;70.000000,195.000000,;595.350000,7727.850000,;8323.2;Ferme Brassard & Fils inc., bovin laitier;Ferme Brassard & Fils inc.;Plessisville
306;-1;-1;46.04854;-72.17072;66;143;souterain;1;0.8;Veaux de lait,;412.000000,;484.100000,;484.1;Napierveau ltee, bovin boucherie, lot 568;Napierveau ltee;Saint-Samuel
307;-1;-1;46.03621;-72.1976;68;149;souterain;1;0.8;Genisses laitieres,Genisses laitieres,Taures laitieres,;70.000000,20.000000,60.000000,;595.350000,170.100000,696.900000,;1462.35;Guylaine Bergeron, bovin laitier, lot 164;Bergeroy Holstein inc.;Saint-Samuel
308;-1;-1;46.13909;-71.82958;39;81;souterain;1;0.8;Genisses laitieres,Genisses laitieres,Taures laitieres,Taures laitieres,Vaches laitieres,Vaches laitieres,;22.000000,7.000000,14.000000,12.000000,42.000000,5.000000,;187.110000,59.535000,162.610000,139.380000,1664.460000,198.150000,;2411.25;Ferme Gillard S.E.N.C.;Ferme Gillard S.E.N.C.;Princeville
309;-1;-1;45.86738;-71.89587;156;359;souterain;1;0.8;Hongres,Porcs a engraissement,Poules pour oeufs de consommation,Vaches laitieres,;1.000000,3.000000,12.000000,5.000000,;16.425000,7.665000,0.876000,198.150000,;223.116;Markus Sollberger, lot 712;Sollberger,Markus;Tingwick
310;-1;-1;46.08422;-71.75575;46;97;souterain;1;0.8;Genisses laitieres,Taures laitieres,Vaches laitieres,;17.000000,9.000000,35.000000,;144.585000,104.535000,1387.050000,;1636.17;Jules Boulanger;Boulanger,Jules;Saint-Norbert-d'Arthabaska
311;-1;-1;45.87771;-71.88326;156;361;souterain;1;0.8;Agneaux,Agneaux,Agnelles de remplacement,;200.000000,200.000000,100.000000,;584.000000,584.000000,122.000000,;1290;Ferme des cantons 2012 inc., bovin boucherie;Pierre Lessard et Louise Moreau;Tingwick
312;-1;-1;45.99246;-72.05595;145;335;souterain;1;0.8;Vaches laitieres,Vaches laitieres,;15.000000,220.000000,;594.450000,8718.600000,;9313.05;9360-5236 Quebec inc.;Ferme Lesfranches inc.;Saint-Albert
313;-1;-1;46.09349;-72.16;9;20;souterain;1;0.8;Veaux de lait,;213.000000,;250.275000,;250.275;Napierveau ltee, lot 443;Napierveau ltee;Saint-Valere
314;-1;-1;45.98706;-72.00605;127;291;souterain;1;0.8;Genisses laitieres,Genisses laitieres,Taures laitieres,Vaches laitieres,Vaches laitieres,;33.000000,20.000000,23.000000,93.000000,20.000000,;280.665000,170.100000,267.145000,3685.590000,792.600000,;5196.1;Ferme Vertulait 2006 inc., bovin laitier;Ferme Vertulait 2006 inc.;Warwick
315;-1;-1;45.98378;-72.01029;128;295;souterain;1;0.8;Agneaux,;80.000000,;233.600000,;233.6;Ferme Hibro inc.;Ferme Demaicca S.E.N.C.;Warwick
316;-1;-1;46.03011;-71.8431;85;186;souterain;1;0.8;Poulain,Veaux de grain finition,;30.000000,2.000000,;,6.636000,;6.636;Gerard Filteau;Filteau,Gerard;Saint-Christophe-d'Arthabaska
317;-1;-1;45.98053;-71.83636;88;195;souterain;1;0.8;Genisses laitieres,Taures laitieres,Vaches laitieres,;25.000000,25.000000,62.000000,;212.625000,290.375000,2457.060000,;2960.06;Ferme Androberge;Ferme Androberge;Chesterville
318;-1;-1;46.11198;-71.82887;80;173;souterain;1;0.8;etalon,Genisses laitieres,Taures laitieres,Vaches laitieres,;5.000000,16.000000,16.000000,80.000000,;,136.080000,185.840000,3170.400000,;3492.32;Ferme Bernard Holstein inc.;Ferme Bernard Holstein inc.;Saint-Norbert-d'Arthabaska
319;-1;-1;46.09184;-72.00351;13;27;souterain;1;0.8;Genisses laitieres,Genisses laitieres,Taures laitieres,Taures laitieres,Vaches laitieres,Vaches laitieres,Vaches laitieres,;75.000000,25.000000,30.000000,5.000000,30.000000,135.000000,10.000000,;637.875000,212.625000,348.450000,58.075000,1188.900000,5350.050000,396.300000,;8192.27;Ferme Lanormande inc., bovin laitier, principal;Ferme Lanormande inc.;Victoriaville
320;-1;-1;45.98965;-71.87061;86;190;souterain;1;0.8;Taures laitieres,Vaches laitieres,;4.000000,33.000000,;46.460000,1307.790000,;1354.25;Ferme Chamtoni inc.;Ferme Tonidal inc.;Saint-Christophe-d'Arthabaska
321;-1;-1;45.98965;-71.87061;86;190;souterain;1;0.8;Taures laitieres,;15.000000,;174.225000,;174.225;-;Ferme Chamtoni inc.;-
322;-1;-1;45.98671;-71.86501;86;190;souterain;1;0.8;Genisses laitieres,Taures laitieres,Vaches laitieres,;25.000000,25.000000,80.000000,;212.625000,290.375000,3170.400000,;3673.4;Ferme Simondale inc.;Ferme Simondale inc.;Saint-Christophe-d'Arthabaska
323;-1;-1;45.96857;-72.07062;145;335;souterain;1;0.8;Genisses laitieres,Taures laitieres,Vaches laitieres,;20.000000,12.000000,150.000000,;170.100000,139.380000,5944.500000,;6253.98;Ferme Misyan inc., bovin laitier, principal;Ferme Misyan inc.;Saint-Albert
324;-1;-1;45.95292;-72.09307;145;334;souterain;1;0.8;Genisses laitieres,Taures laitieres,Vaches laitieres,;30.000000,4.000000,3.000000,;255.150000,46.460000,118.890000,;420.5;Ferme elysa inc.;Ferme Lampardis inc.;Sainte-elizabeth-de-Warwick
325;-1;-1;45.95292;-72.09307;145;334;souterain;1;0.8;Genisses laitieres,Taures laitieres,Vaches laitieres,;20.000000,46.000000,66.000000,;170.100000,534.290000,2615.580000,;3319.97;-;Ferme elysa inc.;-
326;-1;-1;45.86137;-71.67646;111;251;souterain;1;0.8;Genisses laitieres,Taures laitieres,Taures laitieres,Vaches laitieres,Vaches laitieres,;40.000000,35.000000,5.000000,15.000000,74.000000,;340.200000,406.525000,58.075000,594.450000,2932.620000,;4331.87;Ferme Selexie enr.;Ferme Selexie enr.;Ham-Nord
327;-1;-1;45.89124;-72.04981;149;342;souterain;1;0.8;Porcs a engraissement,;2500.000000,;6387.500000,;6387.5;Ferme Berlu inc., suide, lot 257;Fermes Cleoporc inc.;Warwick
328;-1;-1;46.0778;-71.92106;80;174;souterain;1;0.8;Poulets a griller,Poulets a griller,;18992.000000,19000.000000,;1386.416000,1387.000000,;2773.42;Ferme Yves et Therese Cote inc.;Ferme Yves et Therese Cote inc.;Victoriaville
329;-1;-1;46.08112;-72.02744;13;27;souterain;1;0.8;Veaux de lait,;500.000000,;587.500000,;587.5;Napierveau ltee, bovin boucherie, lot 666;Napierveau ltee;Saint-Valere
330;-1;-1;46.06349;-71.67528;48;100;souterain;1;0.8;Taureaux de boucherie,Vaches de boucherie,;1.000000,80.000000,;14.993000,1427.040000,;1442.03;Pascal Binette, bovin boucherie, lot 31;Binette,Pascal;Saint-Ferdinand
331;-1;-1;46.06349;-71.67528;48;100;souterain;1;0.8;Taureaux de boucherie,;1.000000,;14.993000,;14.993;-;Bergeron,Danny;-
332;-1;-1;46.01769;-71.66077;55;115;souterain;1;0.8;Hongres,Jument et sa progeniture non sevree,Veaux de grain pouponniere,;5.000000,5.000000,450.000000,;82.125000,,528.750000,;610.875;Ferme Gerdeka (SENC);Ferme Gerdeka (SENC);Sainte-Helene-de-Chester
333;-1;-1;46.09348;-71.92087;24;51;souterain;1;0.8;Vaches laitieres,;50.000000,;1981.500000,;1981.5;Ferme Comestar Holstein inc., bovin laitier, lot 287, est;Ferme Comestar Holstein inc.;Victoriaville
334;-1;-1;45.91865;-71.90666;133;305;souterain;1;0.8;Taureaux de boucherie,Taureaux de boucherie,Taures de boucherie,Vaches de boucherie,;3.000000,4.000000,5.000000,5.000000,;44.979000,59.972000,72.415000,89.190000,;266.556;Hans Drouin et Amelie Roberge;Drouin,Hans;Tingwick
335;-1;-1;45.98973;-72.09484;75;163;souterain;1;0.8;Taureaux de boucherie,Taures de boucherie,Vaches de boucherie,;3.000000,4.000000,60.000000,;44.979000,57.932000,1070.280000,;1173.19;Ferme Al-Li S.E.N.C.;Ferme Al-Li S.E.N.C.;Saint-Albert
336;-1;-1;45.98973;-72.09484;75;163;souterain;1;0.8;Taureaux de boucherie,Vaches de boucherie,;5.000000,50.000000,;74.965000,891.900000,;966.865;-;Les transports Lacharite inc.;-
337;-1;-1;45.95203;-72.09394;145;334;souterain;1;0.8;Genisses laitieres,Taures laitieres,Vaches laitieres,;15.000000,35.000000,10.000000,;127.575000,406.525000,396.300000,;930.4;Ferme Seetal s.e.n.c;Ferme Seetal S.E.N.C.;Sainte-elizabeth-de-Warwick
338;-1;-1;45.94647;-71.95645;130;298;souterain;1;0.8;Jument et sa progeniture non sevree,Taureaux de boucherie,Taures de boucherie,Vaches de boucherie,;6.000000,3.000000,20.000000,85.000000,;,44.979000,289.660000,1516.230000,;1850.87;Ferme Felime, bovin boucherie;Ferme Felime;Warwick
339;-1;-1;46.04109;-72.19289;68;149;souterain;1;0.8;Genisses laitieres,Genisses laitieres,;1.000000,36.000000,;8.505000,306.180000,;314.685;Bergeroy Holstein inc.;Bergeroy Holstein inc.;Saint-Samuel
340;-1;-1;45.94522;-72.05426;146;337;souterain;1;0.8;Genisses laitieres,Taures laitieres,Vaches laitieres,;15.000000,12.000000,64.000000,;127.575000,139.380000,2536.320000,;2803.28;Ferme Rockmarie inc.;Ferme Rockmarie inc.;Warwick
341;-1;-1;46.02882;-72.20575;68;149;souterain;1;0.8;Genisses laitieres,Vaches laitieres,;30.000000,80.000000,;255.150000,3170.400000,;3425.55;Ferme Clairbois inc., bovin laitier, lot 160;Ferme Clairbois inc.;Saint-Samuel
342;-1;-1;46.11194;-71.83077;80;173;souterain;1;0.8;Veaux de lait,;528.000000,;620.400000,;620.4;Ferme Caro S.E.N.C., bovin laitier;Ferme Caro S.E.N.C.;Saint-Norbert-d'Arthabaska
343;-1;-1;45.93846;-71.84028;125;288;souterain;1;0.8;Genisses laitieres,Taures laitieres,Vaches laitieres,;15.000000,5.000000,58.000000,;127.575000,58.075000,2298.540000,;2484.19;Ferme Rochela S.E.N.C., bovin laitier, principal;Ferme Rochela S.E.N.C.;Chesterville
344;-1;-1;45.84191;-71.91152;157;363;souterain;1;0.8;Agnelles de remplacement,Beliers,Agneaux,Canards,Oies,Poules pour oeufs de consommation,;10.000000,1.000000,45.000000,3.000000,1.000000,12.000000,;12.200000,2.920000,131.400000,0.021000,0.146000,0.876000,;147.563;Miel Pellerin S.E.N.C.;Miel Pellerin S.E.N.C.;Tingwick
345;-1;-1;46.05653;-71.66324;51;108;souterain;1;0.8;Genisses laitieres,Vaches laitieres,;8.000000,48.000000,;68.040000,1902.240000,;1970.28;Ferme Bergy inc.;Ferme Bergy inc.;Saint-Ferdinand
346;-1;-1;46.08931;-72.01085;13;27;souterain;1;0.8;Genisses laitieres,Taures laitieres,Vaches laitieres,;2.000000,8.000000,98.000000,;17.010000,92.920000,3883.740000,;3993.67;Ferme Thibau (1994) S.E.N.C., bovin laitier;Ferme Thibau (1994) S.E.N.C.;Saint-Valere
347;-1;-1;46.06458;-71.71687;47;99;souterain;1;0.8;Taures laitieres,;25.000000,;290.375000,;290.375;Ferme Gani;Ferme Gani;Saint-Norbert-d'Arthabaska
348;-1;-1;45.93441;-71.78327;91;200;souterain;1;0.8;Genisses de boucherie,Taureaux de boucherie,Vaches de boucherie,;38.000000,2.000000,57.000000,;315.248000,29.986000,1016.766000,;1362;9003-1220 Quebec inc.;9003-1220 Quebec inc.;Chesterville
349;-1;-1;45.91146;-71.60548;107;239;souterain;1;0.8;Vaches laitieres,;68.000000,;2694.840000,;2694.84;Ferme Juryse inc., bovin laitier, principal;Ferme Juryse inc.;Ham-Nord
350;-1;-1;46.06752;-72.03835;19;40;souterain;1;0.8;Genisses laitieres,Taures laitieres,Vaches laitieres,;30.000000,26.000000,85.000000,;255.150000,301.990000,3368.550000,;3925.69;Ferme Gaillard inc.;Ferme Gaillard inc.;Saint-Valere
351;-1;-1;46.13505;-71.73972;41;86;souterain;1;0.8;Agneaux,;150.000000,;438.000000,;438;Vinciane Thienpont de Coster;Thienpont de Coster,Vinciane;Sainte-Sophie-d'Halifax
352;-1;-1;46.10361;-71.76817;44;92;souterain;1;0.8;Cochettes,;1400.000000,;8687.000000,;8687;Sylvain Savoie, suide;Savoie,Sylvain;Saint-Norbert-d'Arthabaska
353;-1;-1;46.10361;-71.76817;44;92;souterain;1;0.8;Cochettes,;1400.000000,;8687.000000,;8687;-;Ferme Savoporc inc.;-
354;-1;-1;46.0632;-72.0879;17;37;souterain;1;0.8;Bovins de semi finition,;680.000000,;2769.640000,;2769.64;9197-2026 Quebec inc., bovin boucherie, lot 786;9197-2026 Quebec inc.;Saint-Valere
355;-1;-1;45.97837;-71.78913;88;195;souterain;1;0.8;Genisses laitieres,Taures laitieres,Vaches laitieres,;40.000000,20.000000,108.000000,;340.200000,232.300000,4280.040000,;4852.54;Ferme Nordique Holstein inc.;Ferme Nordique Holstein inc.;Chesterville
356;-1;-1;45.98602;-72.10155;75;163;souterain;1;0.8;Poulets a griller,;15000.000000,;1095.000000,;1095;Les L Blanches inc. (lot 893);Les L Blanches inc.;Saint-Albert
357;-1;-1;45.95587;-72.04103;139;318;souterain;1;0.8;Taureaux de boucherie,Taures de boucherie,Vaches de boucherie,Vaches de boucherie,;1.000000,8.000000,20.000000,55.000000,;14.993000,115.864000,356.760000,981.090000,;1468.71;Ferme Ti-Jean inc.;Ferme Ti-Jean inc.;Warwick
358;-1;-1;45.95956;-72.08357;145;335;souterain;1;0.8;Genisses laitieres,Vaches laitieres,;30.000000,100.000000,;255.150000,3963.000000,;4218.15;Ferme Blondeau 2000 inc.;Ferme Blondeau 2000 inc.;Sainte-elizabeth-de-Warwick
359;-1;-1;46.03082;-71.73469;63;135;souterain;1;0.8;Genisses laitieres,Taures laitieres,Vaches laitieres,;20.000000,20.000000,45.000000,;170.100000,232.300000,1783.350000,;2185.75;Ferme Belleric inc.;Ferme Belleric inc.;Sainte-Helene-de-Chester
360;-1;-1;46.00927;-71.9739;127;292;souterain;1;0.8;Genisses laitieres,Taures laitieres,Vaches laitieres,;41.000000,31.000000,95.000000,;348.705000,360.065000,3764.850000,;4473.62;Ferme des Trefles verts inc.;Ferme des Trefles Verts inc.;Warwick
361;-1;-1;45.94119;-71.88253;133;306;souterain;1;0.8;Genisses laitieres,Taures laitieres,Vaches laitieres,;35.000000,18.000000,72.000000,;297.675000,209.070000,2853.360000,;3360.11;Ferme O.D.S. inc., bovin laitier, principal;Ferme O.D.S. inc.;Tingwick
362;-1;-1;45.89533;-71.7899;124;283;souterain;1;0.8;Genisses laitieres,Taures laitieres,Vaches de boucherie,;8.000000,8.000000,12.000000,;68.040000,92.920000,214.056000,;375.016;Gilles Beauchesne;Ferme Julia inc.;Saint-Remi-de-Tingwick
363;-1;-1;45.978;-71.7883;88;195;souterain;1;0.8;Genisses laitieres,Taures laitieres,Vaches laitieres,;16.000000,19.000000,38.000000,;136.080000,220.685000,1505.940000,;1862.7;Mario Frechette;Frechette,Mario;Chesterville
364;-1;-1;46.0567;-72.23064;5;11;souterain;1;0.8;Genisses laitieres,Taures laitieres,Vaches laitieres,;6.000000,8.000000,41.000000,;51.030000,92.920000,1624.830000,;1768.78;Ferme Verdy inc.;Ferme Verdy inc.;Saint-Samuel
365;-1;-1;46.06761;-71.87398;81;176;souterain;1;0.8;Taures laitieres,Vaches laitieres,;8.000000,20.000000,;92.920000,792.600000,;885.52;Jean-Rene Marcoux;Marcoux,Jean-Rene;Saint-Norbert-d'Arthabaska
366;-1;-1;45.90629;-71.65073;105;235;souterain;1;0.8;Beliers,Agneaux,;5.000000,400.000000,;14.600000,1168.000000,;1182.6;Sirop-Bec enr, ovin, lot 46C;Sirop-Bec enr;Ham-Nord
367;-1;-1;46.06026;-72.05871;18;38;souterain;1;0.8;Hongres,;2.000000,;32.850000,;32.85;Steve Nolin;Ferme Duo-Lait inc. et Steve Nolin;Saint-Valere
368;-1;-1;45.89138;-71.62397;107;240;souterain;1;0.8;Genisses laitieres,Taureaux laitiers,Taures laitieres,Vaches laitieres,;20.000000,2.000000,15.000000,80.000000,;170.100000,29.986000,174.225000,3170.400000,;3544.71;Ferme Gilgar inc.;Ferme Gilgar inc.;Ham-Nord
369;-1;-1;46.06701;-72.04507;19;40;souterain;1;0.8;etalon,Genisses de boucherie,Taures de boucherie,Vaches de boucherie,;2.000000,5.000000,1.000000,15.000000,;,41.480000,14.483000,267.570000,;323.533;Croteau, eric;Croteau,eric;Saint-Valere
370;-1;-1;46.02375;-72.2098;68;149;souterain;1;0.8;Genisses laitieres,Taures laitieres,;25.000000,25.000000,;212.625000,290.375000,;503;Ferme Arseneault (1946) inc., lot 231;Ferme Arseneault (1946) inc.;Sainte-Clotilde-de-Horton
371;-1;-1;45.90674;-71.77988;98;218;souterain;1;0.8;Veaux de lait,;295.000000,;346.625000,;346.625;Napierveau ltee, bovin boucherie;Napierveau ltee;Saint-Remi-de-Tingwick
372;-1;-1;46.06923;-72.27787;2;5;souterain;1;0.8;Porcs a engraissement,Genisses de boucherie,Taureaux de boucherie,Taures de boucherie,Vaches de boucherie,;60.000000,55.000000,2.000000,20.000000,105.000000,;153.300000,456.280000,29.986000,289.660000,1872.990000,;2802.22;Ferme Dubuc & Freres S.E.N.C.;Ferme Dubuc & Freres S.E.N.C.;Sainte-Eulalie
373;-1;-1;46.13952;-71.84207;38;79;souterain;1;0.8;Genisses laitieres,Taures laitieres,Vaches laitieres,;15.000000,8.000000,30.000000,;127.575000,92.920000,1188.900000,;1409.39;Ferme Cordi S.E.N.C.;Ferme Cordi S.E.N.C.;Princeville
374;-1;-1;45.90082;-71.69025;103;230;souterain;1;0.8;Chevres de boucherie,Jument et sa progeniture non sevree,;87.000000,3.000000,;503.904000,,;503.904;Ferme Levanc;Ferme Levanc;Ham-Nord
375;-1;-1;45.88427;-71.84724;138;315;souterain;1;0.8;Genisses de boucherie,Taureaux de boucherie,Vaches de boucherie,;10.000000,2.000000,10.000000,;82.960000,29.986000,178.380000,;291.326;Jocelyn Crete et Johanne Turcotte;Jocelyn Crete et Johanne Turcotte;Saint-Remi-de-Tingwick
376;-1;-1;46.10893;-71.82304;80;173;souterain;1;0.8;Genisses laitieres,Taures laitieres,Vaches laitieres,;25.000000,7.000000,45.000000,;212.625000,81.305000,1783.350000,;2077.28;Ferme Norberto inc.;Ferme Norberto inc.;Saint-Norbert-d'Arthabaska
377;-1;-1;45.93709;-71.95207;140;321;souterain;1;0.8;Genisses laitieres,Jument et sa progeniture non sevree,;1.000000,1.000000,;8.505000,,;8.505;eric Michaud & Celine Hamel;Michaud,eric;Tingwick
378;-1;-1;46.17815;-71.816;36;76;souterain;1;0.8;Vaches laitieres,;90.000000,;3566.700000,;3566.7;Henri Trottier et Fils inc.;Henri Trottier et Fils inc.;Princeville
379;-1;-1;45.87693;-72.05334;151;347;souterain;1;0.8;Taures laitieres,;53.000000,;615.595000,;615.595;Ferme Berg inc., bovin laitier;Ferme Berg inc.;Kingsey Falls
380;-1;-1;46.14243;-71.75259;41;86;souterain;1;0.8;Genisses laitieres,Taures laitieres,Vaches laitieres,;7.000000,39.000000,34.000000,;59.535000,452.985000,1347.420000,;1859.94;Ferme Regolain inc.;Ferme Regolain inc.;Sainte-Sophie-d'Halifax
381;-1;-1;46.05924;-71.85505;82;178;souterain;1;0.8;Taureaux de boucherie,Taures de boucherie,Vaches de boucherie,;1.000000,1.000000,65.000000,;14.993000,14.483000,1159.470000,;1188.95;Claude Boilard, bovin boucherie;Boilard,Claude;Saint-Norbert-d'Arthabaska
382;-1;-1;46.02139;-71.86895;85;186;souterain;1;0.8;Veaux de lait,;20.000000,;23.500000,;23.5;Ferme Marneault inc., bovin laitier, lot 46;Ferme Marneault inc.;Saint-Christophe-d'Arthabaska
383;-1;-1;46.17811;-71.81225;36;76;souterain;1;0.8;Genisses laitieres,Taures laitieres,Vaches laitieres,Veaux de lait,;35.000000,24.000000,101.000000,10.000000,;297.675000,278.760000,4002.630000,11.750000,;4590.82;Ferme Claustar inc., lots 2C et 2D;Ferme Claustar inc.;Princeville
384;-1;-1;46.17811;-71.81225;36;76;souterain;1;0.8;Veaux de grain pouponniere,;500.000000,;587.500000,;587.5;-;Ferme Jeynie 2016 inc.;-
385;-1;-1;45.89875;-71.69337;101;226;souterain;1;0.8;Vaches de boucherie,;31.000000,;552.978000,;552.978;Mario Larrivee;Larrivee,Mario;Ham-Nord
386;-1;-1;46.15478;-71.78106;39;82;souterain;1;0.8;Chevres de boucherie,Hongres,;1.000000,1.000000,;5.792000,16.425000,;22.217;Ferme Baril & Freres inc., lots 1256;Ferme Baril & Frere inc.;Sainte-Sophie-d'Halifax
387;-1;-1;46.15478;-71.78106;39;82;souterain;1;0.8;Agneaux,Agneaux,;300.000000,212.000000,;876.000000,619.040000,;1495.04;-;Ferme DLC S.E.N.C.;-
388;-1;-1;46.02304;-71.66793;53;111;souterain;1;0.8;Genisses laitieres,Taures laitieres,Vaches laitieres,;10.000000,12.000000,32.000000,;85.050000,139.380000,1268.160000,;1492.59;Ferme M.S. Thibodeau inc.;Ferme M.S. Thibodeau inc.;Sainte-Helene-de-Chester
389;-1;-1;46.05476;-71.75008;63;135;souterain;1;0.8;Genisses laitieres,Vaches laitieres,;10.000000,65.000000,;85.050000,2575.950000,;2661;Ferme Bersol Stephi 2016 inc., lot 246;Ferme Bersol Stephi 2016 inc.;Sainte-Helene-de-Chester
390;-1;-1;45.84872;-71.91231;157;363;souterain;1;0.8;Genisses laitieres,Taures laitieres,Vaches laitieres,;10.000000,5.000000,85.000000,;85.050000,58.075000,3368.550000,;3511.68;Jean-Bernard Comte et Chantal Boillat;Ferme Ballerine inc.;Tingwick
391;-1;-1;46.07835;-71.96954;23;49;souterain;1;0.8;Taureaux de boucherie,;3.000000,;44.979000,;44.979;Ferme Sylvain Dubois inc., bovin boucherie, lot 24C;Ferme Sylvain Dubois inc.;Victoriaville
392;-1;-1;45.90963;-71.91581;132;303;souterain;1;0.8;Genisses laitieres,Vaches laitieres,;7.000000,48.000000,;59.535000,1902.240000,;1961.78;Ferme Chenier (2011) inc., bovin laitier, principal;Ferme Chenier (2011) inc.;Tingwick
393;-1;-1;46.0641;-71.83425;82;178;souterain;1;0.8;Bouc adulte,Chevres laitieres,Chevrette ou chevreau (de 3 jours a 364 jours),;20.000000,93.000000,30.000000,;,538.656000,,;538.656;Ferme Mijane S.E.N.C., lot 156;Ferme Mijane S.E.N.C.;Saint-Norbert-d'Arthabaska
394;-1;-1;45.98396;-71.96438;144;331;souterain;1;0.8;Genisses de boucherie,Jument et sa progeniture non sevree,Taureaux de boucherie,Taures de boucherie,Vaches de boucherie,;5.000000,2.000000,1.000000,5.000000,21.000000,;41.480000,,14.993000,72.415000,374.598000,;503.486;Picard, Normand, elevage bovins;Picard,Normand;Warwick
395;-1;-1;45.89204;-71.73378;101;225;souterain;1;0.8;Genisses de boucherie,Taureau,Taures de boucherie,Vaches de boucherie,;2.000000,1.000000,3.000000,22.000000,;16.592000,,43.449000,392.436000,;452.477;Chantal Cote;Cote,Chantal;Notre-Dame-de-Ham
396;-1;-1;46.03969;-72.21558;68;149;souterain;1;0.8;Porcelets non sevres,Verrats,Verrats,;541.000000,1.000000,3.000000,;493.392000,5.475000,16.425000,;515.292;Vivaco, Groupe cooperatif, suide, lot 5 446 204;Vivaco, Groupe cooperatif;Saint-Samuel
397;-1;-1;45.91888;-71.68469;103;230;souterain;1;0.8;Genisses laitieres,Taures laitieres,Vaches laitieres,;10.000000,10.000000,47.000000,;85.050000,116.150000,1862.610000,;2063.81;Ferme Olin inc.;Ferme Olin inc.;Ham-Nord
398;-1;-1;45.92247;-71.62712;107;240;souterain;1;0.8;Taureaux de boucherie,Vaches de boucherie,;4.000000,80.000000,;59.972000,1427.040000,;1487.01;Ferme Marcolait S.E.N.C., bovin boucherie, lot 12A;Ferme Marcolait S.E.N.C.;Ham-Nord
399;-1;-1;45.8669;-71.96278;154;354;souterain;1;0.8;Genisses laitieres,Taures laitieres,Vaches laitieres,Vaches laitieres,;60.000000,50.000000,60.000000,230.000000,;510.300000,580.750000,2377.800000,9114.900000,;12583.8;Ferme Rollere inc., bovin laitier, lots 390-391;Ferme Rollere inc.;Tingwick
400;-1;-1;46.13617;-71.74211;41;86;souterain;1;0.8;Veaux de grain finition,;340.000000,;1128.120000,;1128.12;Ferme DLC SENC;Ferme DLC S.E.N.C.;Sainte-Sophie-d'Halifax
401;-1;-1;45.92338;-71.769;98;219;souterain;1;0.8;Veaux de lait,;440.000000,;517.000000,;517;Napierveau ltee, bovin boucherie, lots 319 et 321;Napierveau ltee;Chesterville
402;-1;-1;45.89104;-71.79393;124;283;souterain;1;0.8;Genisses laitieres,Taures laitieres,Vaches de boucherie,Vaches laitieres,;13.000000,13.000000,8.000000,37.000000,;110.565000,150.995000,142.704000,1466.310000,;1870.57;Ferme Julia inc.;Ferme Julia inc.;Saint-Remi-de-Tingwick
403;-1;-1;46.03264;-71.64335;55;116;souterain;1;0.8;Agneaux,;100.000000,;292.000000,;292;Guillaume Allaire;Allaire,Guillaume;Sainte-Helene-de-Chester
404;-1;-1;45.89242;-72.03564;149;343;souterain;1;0.8;Poulets a griller,;74000.000000,;5402.000000,;5402;Ferme Berlu inc., volaille;Ferme Berlu inc.;Warwick
405;-1;-1;46.17305;-71.83209;36;76;souterain;1;0.8;Genisses laitieres,Taures laitieres,Vaches laitieres,;43.000000,21.000000,71.000000,;365.715000,243.915000,2813.730000,;3423.36;Ferme Cassylaine inc., bovin laitier, principal;Ferme Cassylaine inc.;Princeville
406;-1;-1;45.91758;-71.95242;141;323;souterain;1;0.8;Vaches de boucherie,;9.000000,;160.542000,;160.542;Cyrille Perreault;Perreault,Cyrille;Tingwick
407;-1;-1;46.03762;-71.89656;85;188;souterain;1;0.8;Lapin,Lapine et sa progeniture jusqu'a l'abattage,;1300.000000,200.000000,;,,;0;Claude Bergeron et Florence Fleury (site #1);Claude Bergeron et Florence Fleury;Saint-Christophe-d'Arthabaska
408;-1;-1;45.8692;-71.6694;111;251;souterain;1;0.8;Genisses laitieres,Taures laitieres,Vaches laitieres,;32.000000,30.000000,50.000000,;272.160000,348.450000,1981.500000,;2602.11;Ferme Sejane Holstein inc.;Ferme Sejane Holstein inc.;Ham-Nord
409;-1;-1;45.93385;-71.81038;90;198;souterain;1;0.8;Jument et sa progeniture non sevree,Porcs a engraissement,Poules pour oeufs de consommation,;2.000000,2.000000,4.000000,;,5.110000,0.292000,;5.402;Gisele Bergeron, equide;Bergeron,Gisele;Chesterville
410;-1;-1;46.05767;-72.30141;2;4;souterain;1;0.8;Genisses laitieres,Taures laitieres,Vaches laitieres,;30.000000,16.000000,56.000000,;255.150000,185.840000,2219.280000,;2660.27;Marejaco inc.;Marejaco inc.;Sainte-Eulalie
411;-1;-1;46.04941;-71.77121;63;134;souterain;1;0.8;Genisses laitieres,Taures laitieres,Vaches laitieres,;15.000000,7.000000,40.000000,;127.575000,81.305000,1585.200000,;1794.08;Ferme Liberne S.E.N.C.;Ferme Liberne S.E.N.C.;Sainte-Helene-de-Chester
412;-1;-1;45.8847;-71.86225;135;309;souterain;1;0.8;Genisses laitieres,Genisses laitieres,Taureaux laitiers,Taures laitieres,Vaches laitieres,;20.000000,32.000000,2.000000,20.000000,130.000000,;170.100000,272.160000,29.986000,232.300000,5151.900000,;5856.45;Ferme des Cantons 2012 inc., lot 799;Ferme des cantons 2012 inc.;Saint-Remi-de-Tingwick
413;-1;-1;45.9684;-71.80964;88;195;souterain;1;0.8;Genisses laitieres,Vaches laitieres,;14.000000,76.000000,;119.070000,3011.880000,;3130.95;Lafontaine Holstein inc., bovin laitier;Lafontaine Holstein inc.;Chesterville
414;-1;-1;46.02892;-71.63766;55;116;souterain;1;0.8;Veaux de lait,;380.000000,;446.500000,;446.5;Ferme Malaire S.E.N.C.;Ferme Malaire S.E.N.C.;Sainte-Helene-de-Chester
415;-1;-1;45.96746;-72.0236;129;296;souterain;1;0.8;Genisses laitieres,Taures laitieres,;45.000000,10.000000,;382.725000,116.150000,;498.875;Ferme Misyan inc., bovin laitier, remplacement;Ferme Misyan inc.;Warwick
416;-1;-1;45.9092;-71.68172;103;229;souterain;1;0.8;Genisses laitieres,Taures laitieres,Vaches laitieres,;30.000000,20.000000,45.000000,;255.150000,232.300000,1783.350000,;2270.8;Ferme Morillon inc.;Ferme Morillon inc.;Ham-Nord
417;-1;-1;45.93276;-71.68531;100;224;souterain;1;0.8;Genisses laitieres,Taures laitieres,Vaches laitieres,;15.000000,15.000000,51.000000,;127.575000,174.225000,2021.130000,;2322.93;Ferme Moriange inc.;Ferme Moriange inc.;Notre-Dame-de-Ham
418;-1;-1;45.86524;-71.67227;111;251;souterain;1;0.8;Genisses laitieres,Vaches laitieres,;6.000000,54.000000,;51.030000,2140.020000,;2191.05;Desbuttes Holstein inc.;Desbuttes Holstein inc.;Ham-Nord
419;-1;-1;45.91036;-71.82247;138;316;souterain;1;0.8;Porcs a engraissement,Vaches laitieres,;2.000000,240.000000,;5.110000,9511.200000,;9516.31;Ferme Montremi inc., bovin laitier;Ferme Montremi inc.;Saint-Remi-de-Tingwick
420;-1;-1;45.96255;-72.03374;139;318;souterain;1;0.8;Genisses laitieres,Taures laitieres,Vaches laitieres,;35.000000,42.000000,115.000000,;297.675000,487.830000,4557.450000,;5342.96;Ferme Dumas 2014 inc.;Ferme Dumas 2014 inc.;Warwick
421;-1;-1;46.01326;-72.22122;4;8;souterain;1;0.8;Bouc adulte,Chevres laitieres,Chevrette ou chevreau (de 3 jours a 364 jours),;5.000000,283.000000,176.000000,;,1639.136000,,;1639.14;Tommy Tardif;Tardif,Tommy;Sainte-Clotilde-de-Horton
422;-1;-1;46.06091;-72.0911;17;36;souterain;1;0.8;Taureaux de boucherie,Taures de boucherie,Vaches de boucherie,;1.000000,6.000000,32.000000,;14.993000,86.898000,570.816000,;672.707;Guillaume Normand;Normand,Guillaume;Saint-Valere
423;-1;-1;46.07148;-72.2784;2;5;souterain;1;0.8;Genisses laitieres,Taures laitieres,Vaches laitieres,;44.000000,40.000000,96.000000,;374.220000,464.600000,3804.480000,;4643.3;Ferme Jovent et Freres inc., bovin laitier, principal;Ferme Jovent et Freres inc.;Sainte-Eulalie
424;-1;-1;46.03939;-71.88467;85;188;souterain;1;0.8;Lapin,Lapine et sa progeniture jusqu'a l'abattage,;1300.000000,200.000000,;,,;0;Claude Bergeron et Florence Fleury (site #2);Claude Bergeron et Florence Fleury;Saint-Christophe-d'Arthabaska
425;-1;-1;46.13791;-71.79847;41;86;souterain;1;0.8;Vaches de boucherie,;43.000000,;767.034000,;767.034;Laurent Poirier, site principal, lot 1295;Poirier,Laurent;Sainte-Sophie-d'Halifax
426;-1;-1;45.88482;-71.79902;124;285;souterain;1;0.8;Taureaux de boucherie,Vaches de boucherie,;3.000000,100.000000,;44.979000,1783.800000,;1828.78;Parc GBL Highland inc., lots 1087, 1088 et 1089;Parc GBL Highland inc.;Saint-Remi-de-Tingwick
427;-1;-1;46.12391;-71.91574;29;62;souterain;1;0.8;Genisses laitieres,Taures laitieres,Vaches laitieres,;25.000000,20.000000,55.000000,;212.625000,232.300000,2179.650000,;2624.58;Ferme Andre Allard et Fils inc., bovin laitier, lot 16E;Ferme Andre Allard et Fils inc.;Princeville
428;-1;-1;45.94095;-71.81971;89;196;souterain;1;0.8;Taureaux de boucherie,Taures laitieres,Vaches laitieres,;7.000000,14.000000,1.000000,;104.951000,162.610000,39.630000,;307.191;Gisele Bergeron, bovin laitier;Bergeron,Gisele;Chesterville
429;-1;-1;45.94095;-71.81971;89;196;souterain;1;0.8;Taures laitieres,;45.000000,;522.675000,;522.675;-;Ferme Nauly 2001 inc.;-
430;-1;-1;45.98151;-71.85832;86;190;souterain;1;0.8;Vaches de boucherie,;100.000000,;1783.800000,;1783.8;Ferme G.M.H. inc., bovin boucherie, lot 383;Ferme G.M.H. inc.;Chesterville
431;-1;-1;45.90093;-71.78405;98;218;souterain;1;0.8;Genisses laitieres,Taures laitieres,Vaches laitieres,;25.000000,8.000000,42.000000,;212.625000,92.920000,1664.460000,;1970.01;Benoit Picard;Picard,Benoit;Saint-Remi-de-Tingwick
432;-1;-1;46.0592;-71.665;48;100;souterain;1;0.8;Veaux de lait,;300.000000,;352.500000,;352.5;Ferme Altitude inc.;Ferme Altitude inc.;Saint-Ferdinand
433;-1;-1;46.11353;-71.74202;45;94;souterain;1;0.8;Bouc adulte,Chevres laitieres,Taures laitieres,Vaches laitieres,;2.000000,4.000000,2.000000,4.000000,;,23.168000,23.230000,158.520000,;204.918;Aline Turgeon Beaudoin;Turgeon Beaudoin,Aline;Sainte-Sophie-d'Halifax
434;-1;-1;45.97233;-72.02414;128;294;souterain;1;0.8;Genisses laitieres,Taures laitieres,Vaches laitieres,;25.000000,15.000000,45.000000,;212.625000,174.225000,1783.350000,;2170.2;Ferme Panda inc.;Ferme Panda inc.;Warwick
435;-1;-1;46.09578;-71.80158;82;180;souterain;1;0.8;Agneaux,Agneaux,Beliers,Agneaux,;150.000000,100.000000,14.000000,360.000000,;438.000000,292.000000,40.880000,1051.200000,;1822.08;Bergerie Cinq etoiles, ovin, lot 66;Bergerie Cinq etoiles;Saint-Norbert-d'Arthabaska
436;-1;-1;45.92365;-72.01502;139;318;souterain;1;0.8;Genisses laitieres,Taures laitieres,Vaches laitieres,;9.000000,3.000000,30.000000,;76.545000,34.845000,1188.900000,;1300.29;eric Hetu et Joelle Paradis;eric Hetu et Joelle Paradis;Warwick
437;-1;-1;46.12295;-71.95494;15;33;souterain;1;0.8;Genisses laitieres,Vaches laitieres,;10.000000,81.000000,;85.050000,3210.030000,;3295.08;Ferme Plany inc.;Ferme Plany inc.;Princeville
438;-1;-1;45.92055;-72.08076;146;336;souterain;1;0.8;Porcs a engraissement,Genisses laitieres,Genisses laitieres,Taures laitieres,Vaches laitieres,;1.000000,1.000000,30.000000,15.000000,85.000000,;2.555000,8.505000,255.150000,174.225000,3368.550000,;3808.99;Ferme Polmark, bovin laitier, principal;Ferme Polmark 2005 inc.;Sainte-elizabeth-de-Warwick
439;-1;-1;46.12637;-71.99562;15;33;souterain;1;0.8;Genisses laitieres,Taures laitieres,Vaches laitieres,Vaches laitieres,;25.000000,40.000000,90.000000,10.000000,;212.625000,464.600000,3566.700000,396.300000,;4640.23;Ferme Sabliere;Ferme Sabliere;Saint-Rosaire
440;-1;-1;46.12637;-71.99562;15;33;souterain;1;0.8;Genisses laitieres,Taures laitieres,Vaches laitieres,Vaches laitieres,;50.000000,30.000000,10.000000,102.000000,;425.250000,348.450000,396.300000,4042.260000,;5212.26;-;Ferme Sabliere 2007 inc.;-
441;-1;-1;46.1279;-71.98616;15;33;souterain;1;0.8;Vaches de boucherie,;5.000000,;89.190000,;89.19;Claude Laroche;Laroche,Claude;Saint-Rosaire
442;-1;-1;46.1279;-71.98616;15;33;souterain;1;0.8;Vaches de boucherie,;21.000000,;374.598000,;374.598;-;Desilets,Celine;-
443;-1;-1;46.03203;-72.01822;76;166;souterain;1;0.8;Taures laitieres,;13.000000,;150.995000,;150.995;Ferme Malabel inc.;Ferme Malabel inc.;Victoriaville
444;-1;-1;46.00771;-71.98464;127;291;souterain;1;0.8;Genisses laitieres,Taures laitieres,Vaches laitieres,Vaches laitieres,;35.000000,13.000000,16.000000,72.000000,;297.675000,150.995000,634.080000,2853.360000,;3936.11;Ferme Ronde S.E.N.C.;Ferme Ronde S.E.N.C.;Warwick
445;-1;-1;46.02077;-72.27763;3;6;souterain;1;0.8;Genisses de boucherie,Taures de boucherie,Vaches de boucherie,;9.000000,10.000000,29.000000,;74.664000,144.830000,517.302000,;736.796;Yvon Camirand;Camirand,Yvon;Sainte-Clotilde-de-Horton
446;-1;-1;46.10201;-71.81067;80;173;souterain;1;0.8;Agneaux,Agneaux,Agnelles de remplacement,Beliers,Agneaux,;300.000000,75.000000,100.000000,47.000000,652.000000,;876.000000,219.000000,122.000000,137.240000,1903.840000,;3258.08;Guillaume Allaire;Allaire,Guillaume;Saint-Norbert-d'Arthabaska
447;-1;-1;46.10805;-72.08378;13;28;souterain;1;0.8;Genisses laitieres,Taures laitieres,Vaches laitieres,;25.000000,25.000000,70.000000,;212.625000,290.375000,2774.100000,;3277.1;Ferme Kalexstar S.E.N.C.;Ferme Kalexstar S.E.N.C.;Saint-Valere
448;-1;-1;45.95293;-71.89648;132;304;souterain;1;0.8;Genisses laitieres,Taures laitieres,;30.000000,30.000000,;255.150000,348.450000,;603.6;Ferme Jumo inc., bovin boucherie;Ferme Jumo inc.;Tingwick
449;-1;-1;45.98021;-71.96349;144;331;souterain;1;0.8;Genisses laitieres,;22.000000,;187.110000,;187.11;Gerald Garand;Garand,Gerald;Warwick
450;-1;-1;45.89973;-71.96255;142;326;souterain;1;0.8;Genisses de boucherie,Taureaux de boucherie,Vaches de boucherie,;15.000000,2.000000,39.000000,;124.440000,29.986000,695.682000,;850.108;James Rioux;Rioux,James;Tingwick
451;-1;-1;45.96231;-71.98416;144;331;souterain;1;0.8;Genisses laitieres,Genisses laitieres,Taures laitieres,Vaches laitieres,Vaches laitieres,;37.000000,7.000000,20.000000,12.000000,90.000000,;314.685000,59.535000,232.300000,475.560000,3566.700000,;4648.78;Ferme Rochedale 2002 inc., bovin laitier;Ferme Rochedale 2002 inc.;Warwick
452;-1;-1;46.1277;-71.90579;30;64;souterain;1;0.8;Agneaux,etalon,Taureau,Vaches de boucherie,;85.000000,2.000000,1.000000,20.000000,;248.200000,,,356.760000,;604.96;Gaetan Frechette (vaches de boucherie et moutons) site#1;Frechette,Gaetan;Princeville
453;-1;-1;46.08148;-71.74318;47;99;souterain;1;0.8;Genisses laitieres,Taures laitieres,Vaches laitieres,;6.000000,16.000000,34.000000,;51.030000,185.840000,1347.420000,;1584.29;Ferme Laireblanc enr.;Laireblanc inc.;Saint-Norbert-d'Arthabaska
454;-1;-1;45.92416;-71.77692;96;214;souterain;1;0.8;Porcs a engraissement,;1700.000000,;4343.500000,;4343.5;Michael Desharnais, suide, engraissement;Desharnais,Michael;Chesterville
455;-1;-1;45.99144;-72.07164;145;335;souterain;1;0.8;Cochettes,Porcelets non sevres,Verrats,;188.000000,459.000000,5.000000,;1166.540000,418.608000,27.375000,;1612.52;Fermes Ducharme inc., suide, maternite;Fermes Ducharme inc.;Saint-Albert
456;-1;-1;46.01972;-72.03606;76;166;souterain;1;0.8;Poules pour oeufs incubation,Poulettes pour oeufs de consommation,;3791.000000,37909.000000,;276.743000,2767.357000,;3044.1;Nutrimix ltee, volaille, lot 683;Nutrimix ltee;Victoriaville
457;-1;-1;45.96097;-71.97893;144;331;souterain;1;0.8;Porcelets sevres,;3600.000000,;3283.200000,;3283.2;Ferme Lemeric S.E.N.C., suide;Ferme Lemeric S.E.N.C.;Warwick
458;-1;-1;45.96097;-71.97893;144;331;souterain;1;0.8;Porcelets sevres,;3600.000000,;3283.200000,;3283.2;-;Ferme Tingwick S.E.N.C.;-
459;-1;-1;45.88183;-71.97861;154;355;souterain;1;0.8;Agnelles de remplacement,Beliers,Agneaux,Jument et sa progeniture non sevree,;9.000000,1.000000,11.000000,5.000000,;10.980000,2.920000,32.120000,,;46.02;Guy Daigle;Daigle,Guy;Tingwick
460;-1;-1;45.97579;-72.01994;128;294;souterain;1;0.8;Vaches de boucherie,;20.000000,;356.760000,;356.76;Ferme Claustein Inc.;Ferme Claustein inc.;Warwick
461;-1;-1;46.13461;-71.98243;15;33;souterain;1;0.8;Porcs a engraissement,;800.000000,;2044.000000,;2044;9317-9216 Quebec inc., suide, lot 6326738;Ferme Lyjean (2013) inc.;Saint-Rosaire
462;-1;-1;46.12678;-71.99142;15;33;souterain;1;0.8;Genisses laitieres,Taures laitieres,Vaches laitieres,;23.000000,12.000000,16.000000,;195.615000,139.380000,634.080000,;969.075;Rene Fournier, Celine Perreault et Ferme Sabliere;Ferme Sabliere 2007 inc.;Saint-Rosaire
463;-1;-1;46.01714;-72.2182;4;8;souterain;1;0.8;Taures laitieres,Vaches laitieres,;8.000000,10.000000,;92.920000,396.300000,;489.22;Ferme Clairbois inc., bovin laitier, lot 155;Ferme Clairbois inc.;Sainte-Clotilde-de-Horton
464;-1;-1;46.08178;-71.91523;80;174;souterain;1;0.8;etalon,;4.000000,;,;0;Ferme Porpo-Tech inc., lot 231;Ferme Porpo-Tech inc.;Victoriaville
465;-1;-1;45.91999;-72.0823;146;336;souterain;1;0.8;Taures laitieres,;10.000000,;116.150000,;116.15;Ferme Polmark, bovin laitier, remplacement;Ferme Polmark;Sainte-elizabeth-de-Warwick
466;-1;-1;45.91255;-71.60789;107;239;souterain;1;0.8;Genisses de boucherie,Genisses laitieres,Taures laitieres,;6.000000,20.000000,18.000000,;49.776000,170.100000,209.070000,;428.946;Ferme Juryse inc., bovin laitier, remplacement;Ferme Juryse inc.;Ham-Nord
467;-1;-1;45.89727;-72.07295;149;342;souterain;1;0.8;Genisses laitieres,Taures laitieres,Vaches laitieres,;19.000000,20.000000,45.000000,;161.595000,232.300000,1783.350000,;2177.25;Ferme Albou S.E.N.C.;Ferme Albou S.E.N.C.;Sainte-elizabeth-de-Warwick
468;-1;-1;46.06453;-71.67926;48;100;souterain;1;0.8;Porcs a engraissement,Genisses de boucherie,Taureaux de boucherie,Taures de boucherie,Vaches de boucherie,;5.000000,4.000000,1.000000,8.000000,8.000000,;12.775000,33.184000,14.993000,115.864000,142.704000,;319.52;Clermont Cote;Cote,Clermont;Saint-Ferdinand
469;-1;-1;45.93598;-71.65641;105;234;souterain;1;0.8;etalon,Genisses laitieres,Taureaux laitiers,Taures laitieres,Vaches laitieres,;2.000000,16.000000,2.000000,14.000000,34.000000,;,136.080000,29.986000,162.610000,1347.420000,;1676.1;Ferme Maturon;Ferme Maturon;Ham-Nord
470;-1;-1;46.02592;-71.90907;84;185;souterain;1;0.8;Poulain,;2.000000,;,;0;Gaetan Chabot;Gaetan Chabot et Lyse Provencher;Saint-Christophe-d'Arthabaska
471;-1;-1;45.88435;-71.59287;110;247;souterain;1;0.8;Taureau,Taures de boucherie,Vaches de boucherie,;1.000000,4.000000,15.000000,;,57.932000,267.570000,;325.502;Jules Lehoux (boeuf);Lehoux,Jules;Ham-Nord
472;-1;-1;46.15277;-71.89277;31;66;souterain;1;0.8;etalon,;4.000000,;,;0;Guylaine Boucher et Pascal Labonte;Guylaine Boucher et Pascal Labonte;Princeville
473;-1;-1;46.09761;-72.15391;9;20;souterain;1;0.8;Hongres,;15.000000,;246.375000,;246.375;Alain Proulx et Sylvie Auclair;Alain Proulx et Sylvie Auclair;Saint-Valere
474;-1;-1;45.89268;-71.792;124;283;souterain;1;0.8;Genisses laitieres,Taures laitieres,Vaches laitieres,;35.000000,20.000000,67.000000,;297.675000,232.300000,2655.210000,;3185.18;Ferme Duberger inc.;Ferme Duberger inc.;Saint-Remi-de-Tingwick
475;-1;-1;45.94054;-71.90887;132;304;souterain;1;0.8;Genisses laitieres,Taures laitieres,;25.000000,25.000000,;212.625000,290.375000,;503;Ferme Jumo inc., bovin laitier, lot 227;Ferme Jumo inc.;Tingwick
476;-1;-1;45.94255;-72.07822;146;336;souterain;1;0.8;Cerf de Virginie - male ou femelle,;4.000000,;,;0;Denis Paris;Paris,Denis;Warwick
477;-1;-1;46.09697;-71.86467;80;173;souterain;1;0.8;Genisses laitieres,Taures laitieres,Vaches laitieres,;26.000000,18.000000,95.000000,;221.130000,209.070000,3764.850000,;4195.05;Ferme Bojoy inc.;Ferme Bojoy inc.;Saint-Norbert-d'Arthabaska
478;-1;-1;46.1155;-71.9407;27;58;souterain;1;0.8;Vaches de boucherie,;5.000000,;89.190000,;89.19;Jean-Paul Camire;Camire,Jean-Paul;Princeville
479;-1;-1;46.16751;-71.85788;31;66;souterain;1;0.8;Genisses laitieres,Taures laitieres,;6.000000,6.000000,;51.030000,69.690000,;120.72;2971-5331 Quebec inc., bovin boucherie;2971-5331 Quebec inc.;Princeville
480;-1;-1;46.10055;-71.98573;15;33;souterain;1;0.8;Bouc adulte,Chevres laitieres,Chevrette ou chevreau (de 3 jours a 364 jours),Taures laitieres,;4.000000,140.000000,90.000000,1.000000,;,810.880000,,11.615000,;822.495;Stephan Achermann;Achermann ,Stephan;Victoriaville
481;-1;-1;45.9579;-72.04054;139;318;souterain;1;0.8;Beliers,Agneaux,;2.000000,20.000000,;5.840000,58.400000,;64.24;Patrick Desrochers, bovin laitier, remplacement;Fortier,Alain;Warwick
482;-1;-1;45.95417;-72.04436;139;318;souterain;1;0.8;Vaches de boucherie,;12.000000,;214.056000,;214.056;Patrick Desrochers, remplacement, lot 529;Desrochers,Michel;Warwick
483;-1;-1;46.12596;-71.99323;15;33;souterain;1;0.8;Genisses laitieres,Taures laitieres,Vaches laitieres,;27.000000,15.000000,12.000000,;229.635000,174.225000,475.560000,;879.42;Ferme Marcle S.E.N.C.;Ferme Marcle S.E.N.C.;Saint-Rosaire
484;-1;-1;46.01795;-72.1335;67;145;souterain;1;0.8;Vaches laitieres,;30.000000,;1188.900000,;1188.9;Ferme Janika inc.;Ferme Janika inc.;Saint-Albert
485;-1;-1;46.02527;-71.95566;127;292;souterain;1;0.8;Hongres,;6.000000,;98.550000,;98.55;Rene Poisson;Poisson,Rene;Saint-Christophe-d'Arthabaska
486;-1;-1;45.92961;-72.05365;146;337;souterain;1;0.8;Genisses de boucherie,Taures de boucherie,Vaches de boucherie,;3.000000,3.000000,24.000000,;24.888000,43.449000,428.112000,;496.449;Ferme Courtoise SENC;Ferme Courtoise SENC;Warwick
487;-1;-1;46.1338;-71.88682;31;66;souterain;1;0.8;Chevres de boucherie,Chevrette ou chevreau (de 3 jours a 364 jours),Poules pour oeufs incubation,Genisses de boucherie,Poules pour oeufs de consommation,Taureaux de boucherie,Vaches de boucherie,;2.000000,1.000000,1.000000,1.000000,10.000000,2.000000,4.000000,;11.584000,,0.073000,8.296000,0.730000,29.986000,71.352000,;122.021;Suzanne Gagne;Gagne,Suzanne;Princeville
488;-1;-1;45.92292;-72.07654;146;336;souterain;1;0.8;Poulettes pour oeufs de consommation,;9400.000000,;686.200000,;686.2;Mario Morin;Morin,Mario;Sainte-elizabeth-de-Warwick
489;-1;-1;45.95553;-71.93743;130;298;souterain;1;0.8;Jument et sa progeniture non sevree,;2.000000,;,;0;Luc Croteau;Croteau,Luc;Tingwick
490;-1;-1;46.13143;-71.89265;31;66;souterain;1;0.8;etalon,;3.000000,;,;0;Paul Tourigny;Tourigny,Paul;Princeville
491;-1;-1;46.04402;-71.76347;63;134;souterain;1;0.8;Genisses laitieres,Taures laitieres,Vaches laitieres,;18.000000,10.000000,38.000000,;153.090000,116.150000,1505.940000,;1775.18;Ferme de la Colline S.E.N.C.;Ferme de la Colline S.E.N.C.;Sainte-Helene-de-Chester
492;-1;-1;46.1161;-71.83872;80;173;souterain;1;0.8;Genisses laitieres,Taures laitieres,Vaches laitieres,;25.000000,25.000000,150.000000,;212.625000,290.375000,5944.500000,;6447.5;Ferme Enzler inc., bovin laitier, principal;Ferme Enzler inc.;Saint-Norbert-d'Arthabaska
493;-1;-1;46.06611;-71.8367;82;178;souterain;1;0.8;Genisses laitieres,Taureaux laitiers,Taures laitieres,Vaches laitieres,;33.000000,3.000000,10.000000,48.000000,;280.665000,44.979000,116.150000,1902.240000,;2344.03;Jimmy Nadeau;Nadeau,Jimmy;Saint-Norbert-d'Arthabaska
494;-1;-1;45.88964;-71.93015;154;355;souterain;1;0.8;Genisses laitieres,Taures laitieres,;176.000000,215.000000,;1496.880000,2497.225000,;3994.11;Ferme Roulante enr., bovin boucherie, lot 479;Ferme Roulante enr.;Tingwick
495;-1;-1;46.01244;-72.22328;4;8;souterain;1;0.8;etalon,Vaches de boucherie,;24.000000,40.000000,;,713.520000,;713.52;Alain Langlois;Langlois,Alain;Sainte-Clotilde-de-Horton
496;-1;-1;45.94556;-72.10152;145;334;souterain;1;0.8;Genisses laitieres,Taures laitieres,Vaches laitieres,;15.000000,9.000000,33.000000,;127.575000,104.535000,1307.790000,;1539.9;Ferme Yvanohe inc.;Ferme Yvanohe inc.;Sainte-elizabeth-de-Warwick
497;-1;-1;46.00009;-71.99295;127;291;souterain;1;0.8;Genisses laitieres,Taures laitieres,;29.000000,26.000000,;246.645000,301.990000,;548.635;Ferme Ayrvic;Ferme Ayrvic;Warwick
498;-1;-1;45.95474;-72.04198;139;318;souterain;1;0.8;Jument et sa progeniture non sevree,;2.000000,;,;0;Harold Lavoie;Lavoie,Harold;Warwick
499;-1;-1;46.05457;-71.8485;82;178;souterain;1;0.8;Genisses laitieres,Taures laitieres,Vaches laitieres,;15.000000,10.000000,60.000000,;127.575000,116.150000,2377.800000,;2621.53;Ferme Malait inc.;Ferme Malait inc.;Saint-Christophe-d'Arthabaska
500;-1;-1;45.91701;-72.00323;143;328;souterain;1;0.8;Genisses laitieres,Taures laitieres,Vaches laitieres,;10.000000,20.000000,20.000000,;85.050000,232.300000,792.600000,;1109.95;Ferme Bertelet inc., bovin laitier, remplacement;Moreau,Jacques;Warwick
501;-1;-1;45.94085;-72.05895;146;337;souterain;1;0.8;Genisses laitieres,Genisses laitieres,Taures laitieres,Vaches laitieres,Vaches laitieres,;10.000000,25.000000,30.000000,65.000000,6.000000,;85.050000,212.625000,348.450000,2575.950000,237.780000,;3459.86;Ferme Hibro inc., bovin laitier;Ferme Hibro inc.;Warwick
502;-1;-1;45.92638;-72.03513;148;341;souterain;1;0.8;Genisses laitieres,Taures laitieres,Vaches laitieres,;95.000000,75.000000,180.000000,;807.975000,871.125000,7133.400000,;8812.5;Ferme Berg inc., bovin laitier et ovin;Ferme Berg inc.;Warwick
503;-1;-1;46.10653;-71.88365;24;51;souterain;1;0.8;Genisses laitieres,Taures laitieres,Vaches laitieres,;20.000000,15.000000,50.000000,;170.100000,174.225000,1981.500000,;2325.83;Michel Gagne;Gagne,Michel;Saint-Norbert-d'Arthabaska
504;-1;-1;46.06092;-71.8618;82;178;souterain;1;0.8;Genisses laitieres,Taures laitieres,Vaches laitieres,;10.000000,10.000000,40.000000,;85.050000,116.150000,1585.200000,;1786.4;Rene Houle;Houle,Rene;Saint-Norbert-d'Arthabaska
505;-1;-1;46.03376;-71.9059;84;185;souterain;1;0.8;Vaches de boucherie,;30.000000,;535.140000,;535.14;Ferme Jean Lemieux inc., bovin laitier;Ferme Jean Lemieux inc.;Victoriaville
506;-1;-1;46.06042;-72.02581;19;40;souterain;1;0.8;Oies,Pintades,;24.000000,19.000000,;3.504000,2.774000,;6.278;Gestion NoPel inc;Gestion NoPel inc.;Victoriaville
507;-1;-1;45.90081;-72.03114;149;343;souterain;1;0.8;Taureaux de boucherie,Taures de boucherie,Vaches de boucherie,;2.000000,4.000000,28.000000,;29.986000,57.932000,499.464000,;587.382;Daniel Picard;Picard,Daniel;Warwick
508;-1;-1;45.91521;-71.99254;143;329;souterain;1;0.8;Bouc adulte,Chevres de boucherie,;1.000000,19.000000,;,110.048000,;110.048;Chevrerie du biquet;Chevrerie du biquet;Warwick
509;-1;-1;45.93601;-71.69315;100;224;souterain;1;0.8;Genisses laitieres,Genisses laitieres,Taures laitieres,Vaches laitieres,Vaches laitieres,;2.000000,3.000000,16.000000,5.000000,31.000000,;17.010000,25.515000,185.840000,198.150000,1228.530000,;1655.05;Melodie Boisjoli;Boisjoli,Melodie;Notre-Dame-de-Ham
510;-1;-1;45.95357;-71.87343;88;194;souterain;1;0.8;Jument et sa progeniture non sevree,Taureau,Vaches de boucherie,;1.000000,1.000000,5.000000,;,,89.190000,;89.19;Real Fortin;Fortin,Real;Tingwick
511;-1;-1;46.10603;-71.68782;45;93;souterain;1;0.8;Genisses de boucherie,Taureaux de boucherie,Taures de boucherie,Vaches de boucherie,;6.000000,1.000000,5.000000,43.000000,;49.776000,14.993000,72.415000,767.034000,;904.218;Ferme Marcoux S.E.N.C.;Ferme Marcoux S.E.N.C.;Saint-Ferdinand
512;-1;-1;46.03235;-71.89095;85;188;souterain;1;0.8;Veaux de lait,;20.000000,;23.500000,;23.5;Ferme Marneault inc., bovin laitier, lots 292 et 294;Ferme Marneault inc.;Saint-Christophe-d'Arthabaska
513;-1;-1;45.8607;-71.90143;156;359;souterain;1;0.8;Cailles,Dindons a griller,Poules pour oeufs de consommation,Gros poulets,;50.000000,30.000000,100.000000,30.000000,;0.100000,0.870000,7.300000,0.420000,;8.69;Michel Palmer;Palmer,Michel;Tingwick
514;-1;-1;46.11741;-71.70277;45;95;souterain;1;0.8;Taureaux de boucherie,Taures de boucherie,Vaches de boucherie,;4.000000,8.000000,53.000000,;59.972000,115.864000,945.414000,;1121.25;Ferme Raygae inc., bovin laitier, remplacement;Ferme Raygae inc.;Sainte-Sophie-d'Halifax
515;-1;-1;45.99346;-72.05439;145;335;souterain;1;0.8;Taures laitieres,Vaches laitieres,;15.000000,15.000000,;174.225000,594.450000,;768.675;Raymond Houle;Houle,Raymond;Saint-Albert
516;-1;-1;46.07677;-72.27041;2;5;souterain;1;0.8;Genisses laitieres,Taures laitieres,;26.000000,20.000000,;221.130000,232.300000,;453.43;Ferme Jovent et Freres inc., bovin laitier, remplacement;Ferme Jovent et Freres inc.;Sainte-Eulalie
517;-1;-1;45.87614;-71.8102;124;285;souterain;1;0.8;Bovins de semi finition,;20.000000,;81.460000,;81.46;Yvon Bernier;Bernier,Yvon;Saint-Remi-de-Tingwick
518;-1;-1;46.11344;-72.0594;13;28;souterain;1;0.8;Genisses de boucherie,Genisses laitieres,Taureaux de boucherie,Taures laitieres,Vaches de boucherie,Vaches laitieres,;1.000000,12.000000,1.000000,5.000000,11.000000,50.000000,;8.296000,102.060000,14.993000,58.075000,196.218000,1981.500000,;2361.14;Ferme Doumsan SENC;Ferme Doumsan S.E.N.C.;Saint-Valere
519;-1;-1;46.07532;-71.85548;82;179;souterain;1;0.8;Genisses laitieres,Taures laitieres,Vaches laitieres,;10.000000,9.000000,53.000000,;85.050000,104.535000,2100.390000,;2289.98;3104-2229 Quebec inc.;3104-2229 Quebec inc.;Saint-Norbert-d'Arthabaska
520;-1;-1;45.90236;-72.03141;149;343;souterain;1;0.8;Genisses laitieres,Taures laitieres,Vaches laitieres,;20.000000,7.000000,49.000000,;170.100000,81.305000,1941.870000,;2193.28;Trenholm Morin;Morin,Trenholm;Warwick
521;-1;-1;46.00757;-72.20293;4;8;souterain;1;0.8;Jument et sa progeniture non sevree,;2.000000,;,;0;Louise Turcotte;Turcotte,Louise;Sainte-Clotilde-de-Horton
522;-1;-1;46.01086;-71.98017;127;292;souterain;1;0.8;Hongres,Jument et sa progeniture non sevree,Poulains et pouliches,;17.000000,6.000000,2.000000,;279.225000,,32.850000,;312.075;ecurie Pepin;ecurie Pepin;Warwick
523;-1;-1;46.1087;-71.82598;80;173;souterain;1;0.8;Vaches laitieres,;80.000000,;3170.400000,;3170.4;Ferme Vabino inc.;Ferme Legil inc.;Saint-Norbert-d'Arthabaska
524;-1;-1;45.95924;-72.0375;139;318;souterain;1;0.8;Vaches laitieres,;85.000000,;3368.550000,;3368.55;Ferme Martelait enr., bovin laitier, lot 434;Ferme Martelait enr.;Warwick
525;-1;-1;45.92004;-71.62438;107;240;souterain;1;0.8;Genisses laitieres,Taures laitieres,;10.000000,22.000000,;85.050000,255.530000,;340.58;Ferme Marcolait S.E.N.C., bovin boucherie, lot 12H;Ferme Marcolait S.E.N.C.;Ham-Nord
526;-1;-1;45.98439;-71.76296;92;202;souterain;1;0.8;Taureau,Taures de boucherie,Vaches de boucherie,;1.000000,3.000000,5.000000,;,43.449000,89.190000,;132.639;Gaetane Roberge;Roberge,Gaetane;Chesterville
527;-1;-1;45.97617;-71.91063;131;302;souterain;1;0.8;Taureaux de boucherie,Vaches de boucherie,;2.000000,50.000000,;29.986000,891.900000,;921.886;Christian Lemay et Suzanne Vaudreuil, bovin boucherie, lot 112;Ferme Felime;Tingwick
528;-1;-1;45.96664;-71.81126;88;195;souterain;1;0.8;Taures laitieres,;25.000000,;290.375000,;290.375;Lafontaine Holstein inc., bovin laitier et bovin boucherie;Lafontaine Holstein inc.;Chesterville
529;-1;-1;45.99224;-71.95027;144;332;souterain;1;0.8;Beliers,Agneaux,;3.000000,112.000000,;8.760000,327.040000,;335.8;Ghislain Arsenault;Arsenault,Ghislain;Warwick
530;-1;-1;45.9936;-71.95219;127;293;souterain;1;0.8;Hongres,;2.000000,;32.850000,;32.85;Richard Laroche, bovin boucherie;Ferme Perreault Laroche;Warwick
531;-1;-1;45.90375;-71.64817;105;234;souterain;1;0.8;Taureau,Vaches de boucherie,;1.000000,33.000000,;,588.654000,;588.654;Ferme Nolam S.E.N.C.;Ferme Nolam S.E.N.C.;Ham-Nord
532;-1;-1;45.88948;-71.67739;104;232;souterain;1;0.8;Beliers,Agneaux,Jument et sa progeniture non sevree,;1.000000,80.000000,1.000000,;2.920000,233.600000,,;236.52;Morin, Edgar;Morin,Edgar;Ham-Nord
533;-1;-1;46.00927;-72.20282;4;8;souterain;1;0.8;Genisses laitieres,Taures laitieres,;20.000000,20.000000,;170.100000,232.300000,;402.4;Ferme Maienberg inc., bovin laitier, lot 228;Ferme Maienberg inc.;Sainte-Clotilde-de-Horton
534;-1;-1;45.84957;-71.69077;111;250;souterain;1;0.8;Taureaux laitiers,Taures laitieres,;1.000000,36.000000,;14.993000,418.140000,;433.133;Ferme Stelica inc., ovin;Ferme Stelica inc.;Ham-Nord
535;-1;-1;45.92237;-71.99983;143;328;souterain;1;0.8;Jument et sa progeniture non sevree,;3.000000,;,;0;Societe Roland Picard S.E.N.C.;Societe Roland Picard S.E.N.C.;Warwick
536;-1;-1;45.91661;-71.90873;133;305;souterain;1;0.8;Taures laitieres,Vaches laitieres,;30.000000,3.000000,;348.450000,118.890000,;467.34;Ferme Chenier (2011) inc., bovin laitier, remplacement;Ferme Chenier (2011) inc.;Tingwick
537;-1;-1;46.07564;-71.85468;82;179;souterain;1;0.8;Cerfs rouges,Vaches de boucherie,;15.000000,3.000000,;135.090000,53.514000,;188.604;Ferme Jolis-Bois (cerf rouge);Ferme Jolis-Bois;Saint-Norbert-d'Arthabaska
538;-1;-1;45.92727;-71.9976;143;328;souterain;1;0.8;etalon,Genisses de boucherie,Jument et sa progeniture non sevree,;2.000000,1.000000,2.000000,;,8.296000,,;8.296;Martine Perreault;Perreault,Martine;Warwick
539;-1;-1;46.02084;-71.9505;127;292;souterain;1;0.8;Hongres,Jument et sa progeniture non sevree,;1.000000,1.000000,;16.425000,,;16.425;Dangau inc.;Dangau inc.;Saint-Christophe-d'Arthabaska
540;-1;-1;45.99197;-72.09818;75;164;souterain;1;0.8;Bouc adulte,Agneaux,Hongres,Lapine et sa progeniture jusqu'a l'abattage,;1.000000,1.000000,3.000000,2.000000,;,2.920000,49.275000,,;52.195;Brigitte Battiaz et Jean Bellemare;Brigitte Battiaz et Jean Bellemare;Saint-Albert
541;-1;-1;45.94417;-71.9796;130;299;souterain;1;0.8;Agneaux,Oies,;16.000000,2.000000,;46.720000,0.292000,;47.012;Mylene Laroche;Laroche,Mylene;Warwick
542;-1;-1;45.87288;-71.95041;154;356;souterain;1;0.8;Genisses laitieres,;137.000000,;1165.185000,;1165.19;Ferme Roulante enr., bovin laitier, lot 509;Ferme Roulante enr.;Tingwick
543;-1;-1;45.92397;-71.90175;133;306;souterain;1;0.8;Agnelles de remplacement,Beliers,Agneaux,Hongres,;10.000000,4.000000,135.000000,1.000000,;12.200000,11.680000,394.200000,16.425000,;434.505;Ferme Jumo inc., ovin;Mylene Manseau et Sebastien Aube;Tingwick
544;-1;-1;45.94509;-71.87848;133;306;souterain;1;0.8;Genisses laitieres,Genisses laitieres,Taures laitieres,Taures laitieres,;9.000000,17.000000,5.000000,7.000000,;76.545000,144.585000,58.075000,81.305000,;360.51;Les Fermes Perler inc., bovin laitier, remplacement;Les Fermes Perler inc.;Tingwick
545;-1;-1;45.84191;-71.92137;157;362;souterain;1;0.8;Genisses laitieres,Taures laitieres,;40.000000,15.000000,;340.200000,174.225000,;514.425;Ferme Ballerine inc.;Ferme Ballerine inc.;Tingwick
546;-1;-1;45.92851;-71.84978;137;314;souterain;1;0.8;Genisses laitieres,Genisses laitieres,Taures laitieres,Taures laitieres,Vaches laitieres,Vaches laitieres,;4.000000,12.000000,1.000000,6.000000,10.000000,24.000000,;34.020000,102.060000,11.615000,69.690000,396.300000,951.120000,;1564.81;Ferme Hireault Inc.;Ferme Hireault inc.;Tingwick
547;-1;-1;46.01098;-72.07719;75;164;souterain;1;0.8;Poulets a griller,;32600.000000,;2379.800000,;2379.8;Ferme Avicole Victoria ltee, volaille, lot 861;Ferme Avicole Victoria ltee;Saint-Albert
548;-1;-1;45.89991;-71.92664;154;355;souterain;1;0.8;Taureaux de boucherie,Vaches de boucherie,;1.000000,30.000000,;14.993000,535.140000,;550.133;Gervais Ouellette;Ouellette,Gervais;Tingwick
549;-1;-1;45.941;-71.74765;93;206;souterain;1;0.8;Genisses de boucherie,Taureau,Taures de boucherie,Vaches de boucherie,;2.000000,1.000000,3.000000,17.000000,;16.592000,,43.449000,303.246000,;363.287;Jean-Pierre Thibodeau;Thibodeau,Jean-Pierre;Chesterville
550;-1;-1;45.92144;-71.96221;140;321;souterain;1;0.8;Taureaux de boucherie,Taures de boucherie,Vaches de boucherie,;1.000000,2.000000,20.000000,;14.993000,28.966000,356.760000,;400.719;John Gleason;Gleason,John;Tingwick
551;-1;-1;45.91971;-71.96227;141;323;souterain;1;0.8;Taureau,Taures de boucherie,Vaches de boucherie,;2.000000,8.000000,40.000000,;,115.864000,713.520000,;829.384;9000-6461 Quebec inc.;9000-6461 Quebec inc.;Tingwick
552;-1;-1;45.95288;-72.09163;145;334;souterain;1;0.8;etalon,;7.000000,;,;0;Jean-Paul Leblanc;Leblanc,Jean-Paul;Sainte-elizabeth-de-Warwick
553;-1;-1;45.84947;-71.9551;155;357;souterain;1;0.8;Hongres,Jument et sa progeniture non sevree,;1.000000,2.000000,;16.425000,,;16.425;Bernard Pied;Pied,Bernard;Tingwick
554;-1;-1;45.9093;-71.91485;132;303;souterain;1;0.8;Genisses laitieres,Taures laitieres,;246.000000,85.000000,;2092.230000,987.275000,;3079.51;Ferme du Gambleur SENC, bovin laitier, remplacement.;Ferme Gambler + inc.;Tingwick
555;-1;-1;46.02922;-72.11879;16;34;souterain;1;0.8;Genisses laitieres,;105.000000,;893.025000,;893.025;Sylvain Landry, bovin laitier, remplacement;Landry,Sylvain;Saint-Valere
556;-1;-1;45.92726;-71.89611;133;306;souterain;1;0.8;Taures laitieres,;12.000000,;139.380000,;139.38;Clement Paradis;Paradis,Clement;Tingwick
557;-1;-1;46.00103;-72.10969;74;160;souterain;1;0.8;Genisses de boucherie,Taures de boucherie,Vaches de boucherie,;1.000000,2.000000,14.000000,;8.296000,28.966000,249.732000,;286.994;Rejean Heon;Heon,Rejean;Saint-Albert
558;-1;-1;46.03048;-72.07597;75;164;souterain;1;0.8;etalon,;3.000000,;,;0;Michel Angers;Angers,Michel;Saint-Albert
559;-1;-1;46.03161;-72.07478;75;164;souterain;1;0.8;etalon,;2.000000,;,;0;Jean-Luc Carrier;Carrier,Jean-Luc;Saint-Albert
560;-1;-1;45.86422;-71.90153;156;359;souterain;1;0.8;Dindons a griller,Lapin,Pintades,Poules pour oeufs de consommation,Poulettes pour oeufs de consommation,;20.000000,5.000000,120.000000,80.000000,60.000000,;0.580000,,17.520000,5.840000,4.380000,;28.32;Frederic Perreault et Isabelle Gervais;Perreault,Frederic;Tingwick
561;-1;-1;45.93292;-71.89035;133;306;souterain;1;0.8;Taureau,Taures de boucherie,Vaches de boucherie,;2.000000,6.000000,25.000000,;,86.898000,445.950000,;532.848;Simon Moreau;Moreau,Simon;Tingwick
562;-1;-1;45.99006;-72.23469;71;154;souterain;1;0.8;etalon,;2.000000,;,;0;Patricia Blais et Louis Langlois;Langlois,Louis;Sainte-Clotilde-de-Horton
563;-1;-1;45.96019;-72.08208;145;335;souterain;1;0.8;etalon,;10.000000,;,;0;Laurent Poisson;Poisson,Laurent;Sainte-elizabeth-de-Warwick
564;-1;-1;46.03672;-72.06858;64;139;souterain;1;0.8;etalon,;4.000000,;,;0;Paule Lamontagne;Lamontagne,Paule;Saint-Albert
565;-1;-1;45.95087;-71.87438;88;194;souterain;1;0.8;Chevres de boucherie,Jument et sa progeniture non sevree,Poules pour oeufs de consommation,Taureau,Vaches de boucherie,;7.000000,2.000000,10.000000,1.000000,15.000000,;40.544000,,0.730000,,267.570000,;308.844;Serge Fortin;Fortin,Serge;Tingwick
566;-1;-1;46.03745;-72.07645;64;139;souterain;1;0.8;etalon,;4.000000,;,;0;Remi Lamontagne;Lamontagne,Remi;Saint-Valere
567;-1;-1;46.05835;-72.063;18;38;souterain;1;0.8;Genisses laitieres,Taures laitieres,Vaches laitieres,;10.000000,20.000000,3.000000,;85.050000,232.300000,118.890000,;436.24;Marcel Courtois;Courtois ,Marcel;Saint-Valere
568;-1;-1;46.01556;-71.63919;55;116;souterain;1;0.8;Beliers,Agneaux,;5.000000,99.000000,;14.600000,289.080000,;303.68;Ferme Berlaire;Ferme Berlaire;Sainte-Helene-de-Chester
569;-1;-1;46.03613;-71.67286;52;110;souterain;1;0.8;Bovins de finition,Jument et sa progeniture non sevree,Veaux de grain finition,;1.000000,1.000000,2.000000,;5.631000,,6.636000,;12.267;L'Ideel senc;L'Ideel;Sainte-Helene-de-Chester
570;-1;-1;46.03241;-71.6672;52;110;souterain;1;0.8;Chevres de boucherie,Jument et sa progeniture non sevree,Wapitis,;7.000000,6.000000,40.000000,;40.544000,,360.240000,;400.784;Ghislain Binette;Binette,Ghislain;Sainte-Helene-de-Chester
571;-1;-1;46.01488;-71.67155;55;115;souterain;1;0.8;Agneaux,;100.000000,;292.000000,;292;La Moutonniere inc., ovin, lot 182;La Moutonniere inc.;Sainte-Helene-de-Chester
572;-1;-1;45.96302;-71.92289;131;300;souterain;1;0.8;Vaches de boucherie,Veaux de lait,;30.000000,2.000000,;535.140000,2.350000,;537.49;Diane Messier et Denis Pothier;Diane Messier et Denis Pothier;Tingwick
573;-1;-1;45.90202;-71.87544;135;310;souterain;1;0.8;Chevres de boucherie,Lapin,Poules pour oeufs de consommation,Vaches de boucherie,;6.000000,10.000000,6.000000,1.000000,;34.752000,,0.438000,17.838000,;53.028;Marcel Larochelle;Larochelle,Marcel;Tingwick
574;-1;-1;45.91033;-71.78974;98;218;souterain;1;0.8;Jument et sa progeniture non sevree,;1.000000,;,;0;Jocelyn Verville;Verville,Jocelyn;Saint-Remi-de-Tingwick
575;-1;-1;45.88089;-72.04872;151;347;souterain;1;0.8;Genisses laitieres,Taures laitieres,;2.000000,13.000000,;17.010000,150.995000,;168.005;Charles Dion;Dion,Charles;Kingsey Falls
576;-1;-1;45.88189;-71.74418;99;220;souterain;1;0.8;Agneaux,Chevres de boucherie,Poules pour oeufs de consommation,;4.000000,2.000000,10.000000,;11.680000,11.584000,0.730000,;23.994;Gestion Rejean Duclos inc., volaille;Gestion Rejean Duclos inc.;Notre-Dame-de-Ham
577;-1;-1;45.89975;-71.78485;98;218;souterain;1;0.8;etalon,Jument et sa progeniture non sevree,;1.000000,5.000000,;,,;0;Roger Poitras;Poitras,Roger;Saint-Remi-de-Tingwick
578;-1;-1;46.01518;-71.67358;54;113;souterain;1;0.8;Agneaux,;150.000000,;438.000000,;438;La Moutonniere inc., ovin, lot 183;La Moutonniere inc.;Sainte-Helene-de-Chester
579;-1;-1;45.85211;-71.99822;155;357;souterain;1;0.8;Faisans,Poules pour oeufs de consommation,;2.000000,3.000000,;0.292000,0.219000,;0.511;Robert Coyle;Coyle,Robert;Tingwick
580;-1;-1;46.06236;-72.05445;18;38;souterain;1;0.8;Hongres,;5.000000,;82.125000,;82.125;Marcel Parr;Parr,Marcel;Saint-Valere
581;-1;-1;46.05852;-72.10893;16;34;souterain;1;0.8;etalon,Taureau,Vaches de boucherie,;1.000000,1.000000,16.000000,;,,285.408000,;285.408;Clement Vigneault;Vigneault,Clement;Saint-Valere
582;-1;-1;45.89819;-71.78662;124;283;souterain;1;0.8;Jument et sa progeniture non sevree,;8.000000,;,;0;Andre Picard;Picard,Andre;Saint-Remi-de-Tingwick
583;-1;-1;46.03509;-71.67949;52;109;souterain;1;0.8;Jument et sa progeniture non sevree,Taureau,Vaches de boucherie,;2.000000,1.000000,21.000000,;,,374.598000,;374.598;Ginette Lambert;Lambert,Ginette;Sainte-Helene-de-Chester
584;-1;-1;46.05462;-71.69588;50;106;souterain;1;0.8;Beliers,Agneaux,Jument et sa progeniture non sevree,Vaches de boucherie,;1.000000,5.000000,7.000000,2.000000,;2.920000,14.600000,,35.676000,;53.196;Gilles Racette;Racette,Gilles;Sainte-Helene-de-Chester
585;-1;-1;45.85412;-71.97754;155;357;souterain;1;0.8;Bovins de semi finition,Taures de boucherie,Vaches de boucherie,;8.000000,5.000000,3.000000,;32.584000,72.415000,53.514000,;158.513;Gerard Royer;Royer,Gerard;Tingwick
586;-1;-1;46.10488;-72.10151;11;24;souterain;1;0.8;Hongres,;3.000000,;49.275000,;49.275;Carl Fleury et Patricia Boisvert;Patricia Boisvert et Carl Fleury;Saint-Valere
587;-1;-1;45.90475;-71.82703;138;316;souterain;1;0.8;Genisses laitieres,Taures laitieres,Vaches laitieres,;9.000000,5.000000,20.000000,;76.545000,58.075000,792.600000,;927.22;Andre Luneau;Luneau,Andre;Saint-Remi-de-Tingwick
588;-1;-1;46.02175;-72.0133;76;165;souterain;1;0.8;Genisses laitieres,Taures laitieres,;6.000000,10.000000,;51.030000,116.150000,;167.18;Christian Tourigny (Lot 575 # 2);Tourigny,Christian;Victoriaville
589;-1;-1;46.03455;-72.00084;76;165;souterain;1;0.8;Bovins de semi finition,;9.000000,;36.657000,;36.657;Ferme Deslacs ltee, bovin de boucherie;Ferme Deslacs ltee;Victoriaville
590;-1;-1;46.0365;-71.99958;78;169;souterain;1;0.8;Genisses laitieres,Taures laitieres,Vaches laitieres,;7.000000,8.000000,15.000000,;59.535000,92.920000,594.450000,;746.905;Sylvain Tourugny;Tourigny,Sylvain;Victoriaville
591;-1;-1;46.09825;-71.76578;45;94;souterain;1;0.8;Hongres,Jument et sa progeniture non sevree,;4.000000,3.000000,;65.700000,,;65.7;Rene Savoie;Savoie,Rene;Saint-Norbert-d'Arthabaska
592;-1;-1;45.84077;-71.9138;157;363;souterain;1;0.8;Jument et sa progeniture non sevree,;1.000000,;,;0;Nycole Vachon;Vachon,Nycole;Tingwick
593;-1;-1;45.86646;-71.91547;156;359;souterain;1;0.8;etalon,Jument et sa progeniture non sevree,Veaux de grain finition,;1.000000,1.000000,1.000000,;,,3.318000,;3.318;Luc Boutin;Boutin,Luc;Tingwick
594;-1;-1;45.88264;-71.84882;138;315;souterain;1;0.8;Bovins de finition,Genisses de boucherie,Porcs a engraissement,Taures de boucherie,Vaches de boucherie,;16.000000,5.000000,120.000000,6.000000,48.000000,;90.096000,41.480000,306.600000,86.898000,856.224000,;1381.3;Ferme des Hautes Terres inc.;Ferme des Hautes Terres inc.;Saint-Remi-de-Tingwick
595;-1;-1;46.10788;-72.08568;13;28;souterain;1;0.8;etalon,;4.000000,;,;0;Lucille St-Pierre;St-Pierre,Lucille;Saint-Valere
596;-1;-1;46.07061;-72.12963;16;35;souterain;1;0.8;etalon,Veaux de grain finition,;2.000000,1.000000,;,3.318000,;3.318;Raymond Pinard;Pinard,Raymond;Saint-Valere
597;-1;-1;46.05761;-72.11748;16;34;souterain;1;0.8;Poules pour oeufs incubation,;18000.000000,;1314.000000,;1314;Alain Levesque;Levesque,Alain;Saint-Valere
598;-1;-1;46.06791;-72.13192;16;35;souterain;1;0.8;etalon,Taureau,Vaches de boucherie,;3.000000,1.000000,6.000000,;,,107.028000,;107.028;Daniel Roberge;Roberge,Daniel;Saint-Valere
599;-1;-1;45.88257;-71.80264;124;285;souterain;1;0.8;Jument et sa progeniture non sevree,;5.000000,;,;0;Laurent Descormiers;Descormiers,Laurent;Saint-Remi-de-Tingwick
600;-1;-1;45.88924;-71.96261;154;355;souterain;1;0.8;Chevres de boucherie,Jument et sa progeniture non sevree,;3.000000,2.000000,;17.376000,,;17.376;Monique Carignan;Carignan,Monique;Tingwick
601;-1;-1;45.8898;-71.79622;124;283;souterain;1;0.8;Jument et sa progeniture non sevree,Vaches de boucherie,Veaux de grain finition,;1.000000,5.000000,4.000000,;,89.190000,13.272000,;102.462;Fernand Beauchesne;Beauchesne,Fernand;Saint-Remi-de-Tingwick
602;-1;-1;46.19738;-71.79098;36;76;souterain;1;0.8;etalon,Vaches de boucherie,;1.000000,6.000000,;,107.028000,;107.028;Gilles Vaillancout;Vaillancourt,Gilles;Plessisville
603;-1;-1;46.11023;-71.8329;80;173;souterain;1;0.8;etalon,Hongres,Veaux de lait,;3.000000,1.000000,700.000000,;,16.425000,822.500000,;838.925;Ferme Caro S.E.N.C., bovin boucherie;Ferme Caro S.E.N.C.;Saint-Norbert-d'Arthabaska
604;-1;-1;46.062;-72.18975;65;140;souterain;1;0.8;etalon,;5.000000,;,;0;Real Bergeron;Bergeron,Real;Saint-Samuel
605;-1;-1;46.04117;-72.24005;4;8;souterain;1;0.8;Chevres laitieres,etalon,Veaux de grain finition,;1.000000,5.000000,2.000000,;5.792000,,6.636000,;12.428;Bernard Goulet;Goulet,Bernard;Sainte-Clotilde-de-Horton
606;-1;-1;46.0878;-72.20527;7;14;souterain;1;0.8;etalon,;4.000000,;,;0;Jean Mc Donald;MacDonald,Jean;Saint-Samuel
607;-1;-1;46.00233;-72.1067;74;160;souterain;1;0.8;Bovins de finition,Porcs a engraissement,;4.000000,4.000000,;22.524000,10.220000,;32.744;Jean-Marc Cote;Cote,Jean-Marc;Saint-Albert
608;-1;-1;46.04824;-72.26115;3;7;souterain;1;0.8;Chevres laitieres,etalon,Poules pour oeufs de consommation,;7.000000,2.000000,20.000000,;40.544000,,1.460000,;42.004;Guy Bergeron et  Claudia Doucet;Guy Bergeron et Claudia Doucet;Saint-Samuel
609;-1;-1;45.88668;-72.04201;149;343;souterain;1;0.8;Chevres de boucherie,Genisses laitieres,Jument et sa progeniture non sevree,Poules pour oeufs de consommation,Taures laitieres,;6.000000,9.000000,4.000000,20.000000,1.000000,;34.752000,76.545000,,1.460000,11.615000,;124.372;Jacques Pepin;Pepin,Jacques;Kingsey Falls
610;-1;-1;46.1234;-71.85351;80;174;souterain;1;0.8;Taures laitieres,Vaches laitieres,;26.000000,11.000000,;301.990000,435.930000,;737.92;Jean Blanchette;Ferme Roger Blanchette inc.;Saint-Norbert-d'Arthabaska
611;-1;-1;46.12807;-71.98904;15;33;souterain;1;0.8;Genisses laitieres,Taures laitieres,;16.000000,17.000000,;136.080000,197.455000,;333.535;Ferme Thibau (1994) S.E.N.C., bovin laitier-Remplacement;Ferme Thibau (1994) S.E.N.C.;Saint-Rosaire
612;-1;-1;45.98943;-72.12561;72;157;souterain;1;0.8;Hongres,;5.000000,;82.125000,;82.125;eric Lavoie;Lavoie,eric;Saint-Albert
613;-1;-1;45.96801;-71.80951;88;195;souterain;1;0.8;Bovins de semi finition,Vaches de boucherie,;25.000000,20.000000,;101.825000,356.760000,;458.585;Antony Ramsay;Ramsay,Antony;Chesterville
614;-1;-1;46.12578;-71.72143;45;94;souterain;1;0.8;Genisses de boucherie,Taureaux de boucherie,Taures de boucherie,Vaches de boucherie,;5.000000,2.000000,7.000000,45.000000,;41.480000,29.986000,101.381000,802.710000,;975.557;9026-5281 Quebec inc.;9026-5281 Quebec inc.;Sainte-Sophie-d'Halifax
615;-1;-1;45.9796;-71.7997;88;195;souterain;1;0.8;Jument et sa progeniture non sevree,;2.000000,;,;0;Jean-Louis Roux;Roux,Jean-Louis;Chesterville
616;-1;-1;46.09536;-71.92408;24;51;souterain;1;0.8;Genisses laitieres,Taures laitieres,;100.000000,140.000000,;850.500000,1626.100000,;2476.6;OLI-FAY Holstein inc., bovin laitier, lots 18C et 287;Ferme Comestar Holstein inc.;Victoriaville
617;-1;-1;46.10474;-71.91635;24;51;souterain;1;0.8;Genisses laitieres,Taureaux laitiers,;90.000000,15.000000,;765.450000,224.895000,;990.345;OLI-FAY Holstein inc., bovin laitier, lot 17A;Ferme Comestar Holstein inc.;Victoriaville
618;-1;-1;45.90205;-71.73487;99;220;souterain;1;0.8;Chevres de boucherie,Jument et sa progeniture non sevree,Vaches de boucherie,;5.000000,8.000000,1.000000,;28.960000,,17.838000,;46.798;eric Leblond;Leblond,eric;Notre-Dame-de-Ham
619;-1;-1;45.89115;-71.74265;99;220;souterain;1;0.8;Jument et sa progeniture non sevree,;1.000000,;,;0;Jean-Denis Cote;Cote,Jean-Denis;Notre-Dame-de-Ham
620;-1;-1;45.88956;-71.74619;99;220;souterain;1;0.8;Genisses laitieres,Jument et sa progeniture non sevree,Taures laitieres,Vaches de boucherie,;2.000000,1.000000,2.000000,12.000000,;17.010000,,23.230000,214.056000,;254.296;Leo-Paul Langlois;Langlois,Leo-Paul;Notre-Dame-de-Ham
621;-1;-1;45.88032;-71.74603;99;220;souterain;1;0.8;Chevres de boucherie,Jument et sa progeniture non sevree,Porcs a engraissement,Poules pour oeufs de consommation,Vaches de boucherie,;4.000000,2.000000,1.000000,8.000000,2.000000,;23.168000,,2.555000,0.584000,35.676000,;61.983;Rejean Dupras;Dupras,Rejean;Notre-Dame-de-Ham
622;-1;-1;46.06559;-72.04773;19;40;souterain;1;0.8;Taures laitieres,;1.000000,;11.615000,;11.615;Gerard Dubois;Dubois,Gerard;Saint-Valere
623;-1;-1;46.06095;-72.25118;3;7;souterain;1;0.8;etalon,;6.000000,;,;0;Paul-emile Bergeron;Bergeron,Paul-emile;Saint-Samuel
624;-1;-1;45.98961;-72.12111;72;157;souterain;1;0.8;Hongres,;2.000000,;32.850000,;32.85;Jean-Pierre Poisson;Poisson,Jean-Pierre;Saint-Albert
625;-1;-1;45.99802;-72.1112;74;160;souterain;1;0.8;Hongres,;6.000000,;98.550000,;98.55;Johanne Therrien et Yvan Boissonneault;Johanne Therrien et Yvan Boissonneault;Saint-Albert
626;-1;-1;46.06715;-72.08784;17;37;souterain;1;0.8;Bovins de semi finition,;320.000000,;1303.360000,;1303.36;9197-2026 Quebec inc., bovin boucherie, lot 784;9197-2026 Quebec inc.;Saint-Valere
627;-1;-1;46.06743;-71.87293;82;178;souterain;1;0.8;Taureaux de boucherie,Vaches de boucherie,;2.000000,40.000000,;29.986000,713.520000,;743.506;Ferme Belbo SENC;Ferme Belbo S.E.N.C.;Saint-Norbert-d'Arthabaska
628;-1;-1;45.8931;-71.73282;101;225;souterain;1;0.8;Lapin,Poules pour oeufs de consommation,Taureau,Taures de boucherie,Vaches de boucherie,;2.000000,10.000000,1.000000,4.000000,32.000000,;,0.730000,,57.932000,570.816000,;629.478;Denis Leclerc;Leclerc,Denis;Notre-Dame-de-Ham
629;-1;-1;46.12726;-71.99185;15;33;souterain;1;0.8;Bouc adulte,Agneaux,etalon,;1.000000,6.000000,5.000000,;,17.520000,,;17.52;Leo-Paul Provencher;Provencher,Leo-Paul;Saint-Rosaire
630;-1;-1;46.11996;-71.9848;15;33;souterain;1;0.8;Agneaux,Canards,Chevres de boucherie,Lapin,Oies,Gros poulets,;10.000000,8.000000,10.000000,100.000000,6.000000,100.000000,;29.200000,0.056000,57.920000,,0.876000,1.400000,;89.452;Sylvain Gagne et Diane Houle;Sylvain Gagne et Diane Houle;Saint-Rosaire
631;-1;-1;46.0852;-72.05394;13;27;souterain;1;0.8;etalon,Veaux de grain finition,;5.000000,9.000000,;,29.862000,;29.862;Sylvain Bougie et Lorraine Morin;Sylvain Bougie et Lorraine Morin;Saint-Valere
632;-1;-1;46.01351;-72.1974;68;149;souterain;1;0.8;Taureaux de boucherie,Taures de boucherie,Vaches de boucherie,;1.000000,4.000000,22.000000,;14.993000,57.932000,392.436000,;465.361;Roger Godin;Godin,Roger;Sainte-Clotilde-de-Horton
633;-1;-1;46.01891;-72.27342;3;6;souterain;1;0.8;Genisses laitieres,Taures laitieres,Vaches laitieres,;6.000000,11.000000,26.000000,;51.030000,127.765000,1030.380000,;1209.18;Jacques Desilets;Desilets,Jacques;Sainte-Clotilde-de-Horton
634;-1;-1;46.11838;-72.03658;14;29;souterain;1;0.8;Hongres,;5.000000,;82.125000,;82.125;Yves Thibodeau;Thibodeau,Yves;Saint-Rosaire
635;-1;-1;46.11929;-72.03606;14;29;souterain;1;0.8;Porcelets sevres,Poules pour oeufs de consommation,;3.000000,10.000000,;2.736000,0.730000,;3.466;Francois Godin et Kathleen Capistran;Francois Godin et Kathleen Capistran;Saint-Rosaire
636;-1;-1;45.99823;-71.90648;84;184;souterain;1;0.8;Bovins de finition,;410.000000,;2308.710000,;2308.71;Sylvie Loiselle, bovin boucherie, lot 157;Loiselle,Sylvie;Saint-Christophe-d'Arthabaska
637;-1;-1;46.01599;-72.1934;68;149;souterain;1;0.8;Jument et sa progeniture non sevree,;3.000000,;,;0;Ferme Porcilait inc., equide;Ferme Porcilait inc.;Sainte-Clotilde-de-Horton
638;-1;-1;46.08645;-72.0183;13;27;souterain;1;0.8;Hongres,;2.000000,;32.850000,;32.85;Stephane Michaud et Nathalie Rondeau;Stephane Michaud et Nathalie Rondeau;Saint-Valere
639;-1;-1;46.06323;-72.2902;2;5;souterain;1;0.8;Taures laitieres,;30.000000,;348.450000,;348.45;Societe Rene et Carmen Eicher SENC, bovin laitier, remplacement;Societe Rene et Carmen Eicher SENC;Sainte-Eulalie
640;-1;-1;46.00133;-72.2111;4;8;souterain;1;0.8;Genisses laitieres,Taures laitieres,Vaches laitieres,;3.000000,2.000000,20.000000,;25.515000,23.230000,792.600000,;841.345;Jacques Pinard;Pinard,Jacques;Sainte-Clotilde-de-Horton
641;-1;-1;46.01761;-72.2722;3;6;souterain;1;0.8;Gros poulets,;75.000000,;1.050000,;1.05;Marielle Lamontagne;Lamontagne,Marielle;Sainte-Clotilde-de-Horton
642;-1;-1;46.0077;-72.24325;70;152;souterain;1;0.8;Vaches de boucherie,;18.000000,;321.084000,;321.084;Daniel Hamelin;Hamelin,Daniel;Sainte-Clotilde-de-Horton
643;-1;-1;46.04172;-72.25554;69;150;souterain;1;0.8;Taures laitieres,;45.000000,;522.675000,;522.675;Jeremie Bergeron;Ferme Jemau S.E.N.C.;Sainte-Clotilde-de-Horton
644;-1;-1;45.99727;-72.23388;71;155;souterain;1;0.8;Jument et sa progeniture non sevree,;1.000000,;,;0;Pierrette Lariviere;Lariviere,Pierrette;Sainte-Clotilde-de-Horton
645;-1;-1;46.04316;-72.2849;3;6;souterain;1;0.8;Jument et sa progeniture non sevree,;4.000000,;,;0;Rosaire Boucher;Boucher,Rosaire;Sainte-Clotilde-de-Horton
646;-1;-1;46.0737;-72.03851;19;41;souterain;1;0.8;Agneaux,Chevres de boucherie,;9.000000,5.000000,;26.280000,28.960000,;55.24;Pierre Marcoux et Michelle Bilodeau;Pierre Marcoux et Michelle Bilodeau;Saint-Valere
647;-1;-1;46.04064;-72.28213;3;6;souterain;1;0.8;Vaches de boucherie,;2.000000,;35.676000,;35.676;Michel Nadeau;Nadeau,Michel;Sainte-Clotilde-de-Horton
648;-1;-1;46.02421;-72.12383;16;34;souterain;1;0.8;Jument et sa progeniture non sevree,;5.000000,;,;0;Jean Metivier;Metivier,Jean;Saint-Valere
649;-1;-1;46.00485;-72.25459;70;152;souterain;1;0.8;Jument et sa progeniture non sevree,;2.000000,;,;0;Benoit Mailhot;Mailhot,Benoit;Sainte-Clotilde-de-Horton
650;-1;-1;46.11401;-71.83245;80;173;souterain;1;0.8;Genisses laitieres,Vaches laitieres,;20.000000,20.000000,;170.100000,792.600000,;962.7;Hans Ulrich Enzler, bovin laitier;Ferme Enzler inc.;Saint-Norbert-d'Arthabaska
651;-1;-1;46.01124;-72.19987;68;149;souterain;1;0.8;Jument et sa progeniture non sevree,;5.000000,;,;0;Regis Langlois;Langlois,Regis;Sainte-Clotilde-de-Horton
652;-1;-1;46.07493;-72.27317;2;5;souterain;1;0.8;Hongres,Jument et sa progeniture non sevree,;5.000000,10.000000,;82.125000,,;82.125;Serge Bergeron et Nicole Morin;Serge Bergeron et Nicole Morin;Sainte-Eulalie
653;-1;-1;46.07603;-72.27252;2;5;souterain;1;0.8;Hongres,;20.000000,;328.500000,;328.5;Martin Desbiens;Desbiens,Martin;Sainte-Eulalie
654;-1;-1;45.95362;-71.79253;90;199;souterain;1;0.8;Vaches de boucherie,;40.000000,;713.520000,;713.52;Ferme Greniere inc., bovin boucherie;Ferme Greniere inc.;Chesterville
655;-1;-1;46.10224;-71.98259;15;33;souterain;1;0.8;Vaches de boucherie,;4.000000,;71.352000,;71.352;Gilles Plante;Plante,Gilles;Victoriaville
656;-1;-1;45.91976;-71.76374;98;219;souterain;1;0.8;Vaches de boucherie,;35.000000,;624.330000,;624.33;Bernard Leclerc;Leclerc,Bernard;Chesterville
657;-1;-1;45.95177;-71.83399;88;194;souterain;1;0.8;Chevres laitieres,etalon,;4.000000,1.000000,;23.168000,,;23.168;Marquis Leblanc;Leblanc,Marquis;Chesterville
658;-1;-1;45.96192;-71.82458;88;195;souterain;1;0.8;Cochettes,Jument et sa progeniture non sevree,Poules pour oeufs de consommation,Taures de boucherie,Porcelets non sevres,Vaches de boucherie,Verrats,;2.000000,5.000000,8.000000,1.000000,2.000000,40.000000,1.000000,;12.410000,,0.584000,14.483000,1.824000,713.520000,5.475000,;748.296;Normand Beaudette;Beaudette,Normand;Chesterville
659;-1;-1;45.93471;-71.73305;95;211;souterain;1;0.8;Jument et sa progeniture non sevree,Vaches de boucherie,;3.000000,3.000000,;,53.514000,;53.514;Herve Cantin;Cantin,Herve;Chesterville
660;-1;-1;45.93747;-71.81352;90;198;souterain;1;0.8;Agnelles de remplacement,Beliers,Agneaux,;7.000000,4.000000,88.000000,;8.540000,11.680000,256.960000,;277.18;Daniel Laporte;Laporte,Daniel;Chesterville
661;-1;-1;45.91264;-71.74915;99;221;souterain;1;0.8;Taureau,Taures de boucherie,Vaches de boucherie,;1.000000,2.000000,33.000000,;,28.966000,588.654000,;617.62;Laurent Ramsay;Ramsay,Laurent;Chesterville
662;-1;-1;45.94539;-71.77884;90;199;souterain;1;0.8;etalon,Jument et sa progeniture non sevree,;2.000000,6.000000,;,,;0;9130-5722 Quebec inc.;9130-5722 Quebec inc.;Chesterville
663;-1;-1;45.92531;-71.79902;97;215;souterain;1;0.8;Lapin,Porcs a engraissement,Poules pour oeufs de consommation,Taureau,Vaches de boucherie,;4.000000,6.000000,20.000000,1.000000,10.000000,;,15.330000,1.460000,,178.380000,;195.17;Claire Ouellette;Ouellette,Claire;Chesterville
664;-1;-1;45.94165;-71.75114;93;206;souterain;1;0.8;Chevres de boucherie,Jument et sa progeniture non sevree,Poules pour oeufs de consommation,;1.000000,3.000000,8.000000,;5.792000,,0.584000,;6.376;Robert et Gisele Hince;Robert et Gisele Hince;Chesterville
665;-1;-1;45.93842;-71.81516;89;196;souterain;1;0.8;Jument et sa progeniture non sevree,Vaches de boucherie,;2.000000,15.000000,;,267.570000,;267.57;Alain Marcoux et Diane Samson;Alain Marcoux et Diane Samson;Chesterville
666;-1;-1;45.98349;-71.86031;86;190;souterain;1;0.8;Jument et sa progeniture non sevree,;6.000000,;,;0;Marie-Michele Duhaime;Duhaime,Marie-Michele;Chesterville
667;-1;-1;45.94506;-71.78516;90;199;souterain;1;0.8;etalon,Jument et sa progeniture non sevree,;1.000000,1.000000,;,,;0;Francois Leblond;Leblond,Francois;Chesterville
668;-1;-1;45.93307;-71.73032;95;212;souterain;1;0.8;Jument et sa progeniture non sevree,Oies,Poules pour oeufs de consommation,Vaches de boucherie,;3.000000,2.000000,3.000000,2.000000,;,0.292000,0.219000,35.676000,;36.187;Raymond Aellen et Danielle Wuthrich;Raymond Aellen et Danielle Wuthrich;Chesterville
669;-1;-1;46.08234;-71.8307;82;178;souterain;1;0.8;Taures laitieres,Vaches de boucherie,;4.000000,34.000000,;46.460000,606.492000,;652.952;Ferme D.M.;Ferme D.M.;Saint-Norbert-d'Arthabaska
670;-1;-1;46.13307;-71.80714;41;85;souterain;1;0.8;Genisses laitieres,Taures laitieres,Vaches laitieres,;30.000000,15.000000,10.000000,;255.150000,174.225000,396.300000,;825.675;Ferme Martinclerc inc., bovin laitier, lot 472;Ferme Martinclerc inc.;Saint-Norbert-d'Arthabaska
671;-1;-1;46.0686;-72.00355;20;43;souterain;1;0.8;Taures de boucherie,Vaches de boucherie,;6.000000,26.000000,;86.898000,463.788000,;550.686;Ferme Aline C. Leblanc;Aline C. Leblanc;Victoriaville
672;-1;-1;46.08165;-71.86579;80;173;souterain;1;0.8;Genisses laitieres,Taures laitieres,Vaches laitieres,;15.000000,7.000000,31.000000,;127.575000,81.305000,1228.530000,;1437.41;Nancy Lecours;Ferme Vincy SENC;Saint-Norbert-d'Arthabaska
673;-1;-1;46.08165;-71.86579;80;173;souterain;1;0.8;Genisses laitieres,Taures laitieres,Vaches laitieres,;15.000000,11.000000,38.000000,;127.575000,127.765000,1505.940000,;1761.28;-;Lecours,Nancy;-
674;-1;-1;46.08957;-71.76193;46;97;souterain;1;0.8;Vaches de boucherie,;15.000000,;267.570000,;267.57;Ferme des Deux Versants S.E.N.C.;Ferme des Deux Versants S.E.N.C.;Saint-Norbert-d'Arthabaska
675;-1;-1;46.05646;-71.91611;79;171;souterain;1;0.8;Genisses laitieres,Taures laitieres,Vaches laitieres,;3.000000,4.000000,27.000000,;25.515000,46.460000,1070.010000,;1141.98;Ferme St-Medard inc.;Ferme St-Medard inc.;Saint-Christophe-d'Arthabaska
676;-1;-1;46.06758;-71.72186;47;99;souterain;1;0.8;Taureau,Vaches de boucherie,;1.000000,24.000000,;,428.112000,;428.112;Ferme Cledard S.E.N.C.;Ferme Cledard S.E.N.C.;Saint-Norbert-d'Arthabaska
677;-1;-1;46.09665;-71.76275;45;93;souterain;1;0.8;Jument et sa progeniture non sevree,Taureau,Vaches de boucherie,;2.000000,1.000000,10.000000,;,,178.380000,;178.38;Ferme Allary;Ferme Allary;Saint-Norbert-d'Arthabaska
678;-1;-1;46.07991;-71.73851;47;99;souterain;1;0.8;Taureaux de boucherie,Vaches de boucherie,;1.000000,18.000000,;14.993000,321.084000,;336.077;Denis Alain;Alain,Denis;Saint-Norbert-d'Arthabaska
679;-1;-1;46.09122;-71.78672;44;91;souterain;1;0.8;Genisses laitieres,Taures laitieres,Vaches laitieres,;16.000000,7.000000,18.000000,;136.080000,81.305000,713.340000,;930.725;Ferme Capucine enr;Ferme Capucine enr.;Saint-Norbert-d'Arthabaska
680;-1;-1;46.09717;-71.80653;82;180;souterain;1;0.8;Taureaux de boucherie,Taures laitieres,;1.000000,15.000000,;14.993000,174.225000,;189.218;Jean-Paul Letourneau;Letourneau,Jean-Paul;Saint-Norbert-d'Arthabaska
681;-1;-1;46.09268;-71.75699;46;97;souterain;1;0.8;Taureau,Vaches de boucherie,;1.000000,12.000000,;,214.056000,;214.056;Rejean et Yvan Bouffard;Rejean et Yvan Bouffard;Saint-Norbert-d'Arthabaska
682;-1;-1;46.08701;-71.7459;47;99;souterain;1;0.8;Taureau,Vaches de boucherie,;1.000000,16.000000,;,285.408000,;285.408;Benoit Alain;Alain,Benoit;Saint-Norbert-d'Arthabaska
683;-1;-1;45.98082;-71.8749;86;189;souterain;1;0.8;etalon,Jument et sa progeniture non sevree,;1.000000,13.000000,;,,;0;Jasmin Laramee et Dominique Cecyre;Jasmin Laramee et Dominique Cecyre;Saint-Christophe-d'Arthabaska
684;-1;-1;46.0391;-71.88405;85;188;souterain;1;0.8;Bovins de finition,Bovins de semi finition,Taureaux de boucherie,Vaches de boucherie,;13.000000,13.000000,2.000000,16.000000,;73.203000,52.949000,29.986000,285.408000,;441.546;Marguerite Lemieux, bovin boucherie;Therrien,Line;Saint-Christophe-d'Arthabaska
685;-1;-1;46.10742;-71.7339;45;94;souterain;1;0.8;Genisses laitieres,Taures laitieres,Vaches laitieres,;5.000000,30.000000,50.000000,;42.525000,348.450000,1981.500000,;2372.48;Ferme C.G. Beaudoin inc.;Ferme C.G. Beaudoin inc.;Sainte-Sophie-d'Halifax
686;-1;-1;46.06259;-72.01528;19;41;souterain;1;0.8;Jument et sa progeniture non sevree,;2.000000,;,;0;Christian Frechette et Isabelle Lambert;Christian Frechette et Isabelle Lambert;Victoriaville
687;-1;-1;46.03267;-72.25284;69;150;souterain;1;0.8;Chevres de boucherie,Gros poulets,;6.000000,10.000000,;34.752000,0.140000,;34.892;Descoteaux, Annie;Descoteaux,Annie;Sainte-Clotilde-de-Horton
688;-1;-1;46.00305;-71.87294;86;190;souterain;1;0.8;Jument et sa progeniture non sevree,;5.000000,;,;0;Benoit Vallieres;Vallieres,Benoit;Saint-Christophe-d'Arthabaska
689;-1;-1;46.02819;-72.2049;68;149;souterain;1;0.8;Genisses laitieres,Taures laitieres,;25.000000,15.000000,;212.625000,174.225000,;386.85;Bertrand Boisclair;Ferme Clairbois inc.;Sainte-Clotilde-de-Horton
690;-1;-1;45.91042;-71.6502;105;235;souterain;1;0.8;Agneaux,Beliers,Agneaux,Taures de boucherie,Vaches de boucherie,;275.000000,16.000000,275.000000,4.000000,8.000000,;803.000000,46.720000,803.000000,57.932000,142.704000,;1853.36;Sirop-Bec enr, ovin, lot 47;Sirop-Bec enr;Ham-Nord
691;-1;-1;46.09455;-71.95546;26;56;souterain;1;0.8;Taureaux de boucherie,Vaches de boucherie,;1.000000,52.000000,;14.993000,927.576000,;942.569;Michel Beaudet;Beaudet,Michel;Victoriaville
692;-1;-1;46.00427;-71.78143;87;191;souterain;1;0.8;Porcs a engraissement,Poules pour oeufs de consommation,Taures de boucherie,Porcelets non sevres,Vaches de boucherie,;6.000000,4.000000,6.000000,1.000000,1.000000,;15.330000,0.292000,86.898000,0.912000,17.838000,;121.27;Gilles Fortier;Fortier,Gilles;Chesterville
693;-1;-1;46.05238;-72.22254;5;10;souterain;1;0.8;Taures laitieres,Vaches laitieres,;60.000000,440.000000,;696.900000,17437.200000,;18134.1;Ferme Bergeroy S.E.N.C., bovin laitier, lot 108, sud;Bergeroy Holstein inc.;Saint-Samuel
694;-1;-1;46.07473;-71.88461;81;177;souterain;1;0.8;Dindons a griller,Hongres,Jument et sa progeniture non sevree,Poules pour oeufs de consommation,Bovins de finition,;3.000000,6.000000,8.000000,15.000000,2.000000,;0.087000,98.550000,,1.095000,11.262000,;110.994;Jean-Guy Poisson;Poisson,Jean-Guy;Saint-Norbert-d'Arthabaska
695;-1;-1;46.0522;-71.74694;63;135;souterain;1;0.8;Genisses laitieres,Taureaux laitiers,Taures laitieres,Vaches laitieres,;4.000000,1.000000,30.000000,12.000000,;34.020000,14.993000,348.450000,475.560000,;873.023;Ferme Bersol Stephi 2016 inc., lot 241;Ferme Bersol Stephi 2016 inc.;Sainte-Helene-de-Chester
696;-1;-1;46.0354;-72.0144;76;166;souterain;1;0.8;Hongres,;2.000000,;32.850000,;32.85;9076-5108 Quebec inc.;Gagnon,Real;Victoriaville
697;-1;-1;46.0354;-72.0144;76;166;souterain;1;0.8;Hongres,;2.000000,;32.850000,;32.85;-;Beaudoin,Yvon;-
698;-1;-1;46.0354;-72.0144;76;166;souterain;1;0.8;Hongres,;1.000000,;16.425000,;16.425;-;Guillemette,Francis;-
699;-1;-1;46.08931;-72.00655;13;27;souterain;1;0.8;Poules pour oeufs de consommation,Poules pour oeufs de consommation,;29000.000000,1.000000,;2117.000000,0.073000,;2117.07;Ferme A. V. Normand inc.;Ferme A.V. Normand inc.;Saint-Valere
700;-1;-1;46.00052;-71.87542;86;190;souterain;1;0.8;Hongres,;3.000000,;49.275000,;49.275;Michel Trottier;Trottier,Michel;Saint-Christophe-d'Arthabaska
701;-1;-1;45.86886;-71.99886;151;348;souterain;1;0.8;Poulets a griller,Poulets a griller,;21000.000000,20000.000000,;1533.000000,1460.000000,;2993;Ferme Avicole HGD inc.;Ferme Avicole HGD inc.;Tingwick
702;-1;-1;45.86886;-71.99886;151;348;souterain;1;0.8;Autre animal - poids vif de l'animal a la fin de la periode d'elevage >= 100 et < 500 kg,Agneaux,Taures laitieres,;2.000000,50.000000,4.000000,;,146.000000,46.460000,;192.46;Ferme Avicole HGD inc.;Ferme Avicole HGD inc.;Tingwick
703;-1;-1;45.94224;-71.9087;132;304;souterain;1;0.8;Taures laitieres,Vaches laitieres,;25.000000,120.000000,;290.375000,4755.600000,;5045.98;Ferme Jumo inc., bovin laitier, lot 5 498 836;Ferme Jumo inc.;Tingwick
704;-1;-1;46.03117;-71.89388;85;188;souterain;1;0.8;Genisses laitieres,Taures laitieres,Vaches laitieres,;35.000000,30.000000,150.000000,;297.675000,348.450000,5944.500000,;6590.62;Ferme Marneault inc., bovin laitier, lot 5 144 346;Ferme Marneault inc.;Saint-Christophe-d'Arthabaska
705;-1;-1;46.09356;-71.91653;24;51;souterain;1;0.8;Vaches laitieres,;81.000000,;3210.030000,;3210.03;Ferme Comestar 2010 inc., bovin laitier, lot 287;Ferme Comestar Holstein inc.;Victoriaville
706;-1;-1;46.09356;-71.91653;24;51;souterain;1;0.8;Poules pour oeufs de consommation,;11000.000000,;803.000000,;803;Gaetan Prince, volaille;Prince,Gaetan;Sainte-Eulalie
