#SITE GPE;LAT(d);LONG(d);ID TRONCON;ID UHRH;SOURCE;CRITERE;COEF_CONSO;# INTERVENANT; NOM INTERVENANT; Nom legal du lieu ou personne physique; Code SCIAN; ANNEE; NbJ M1; NbJ M2; NbJ M3; NbJ M4; NbJ M5; NbJ M6; NbJ M7; NbJ M8; NbJ M9; NbJ M10; NbJ M11; NbJ M12; VOL M1; VOL M2; VOL M3; VOL M4; VOL M5; VOL M6; VOL M7; VOL M8; VOL M9; VOL M10; VOL M11; VOL M12; CONS M1; CONS M2; CONS M3; CONS M4; CONS M5; CONS M6; CONS M7; CONS M8; CONS M9; CONS M10; CONS M11; CONS M12
1;45.91638;-71.6384;105;234;Souterrain;1;-1;13431002;CANTON DE HAM-NORD;Station de purification Ham-Nord (post.chl.);22131;2009;0;0;0;0;0;0;0;0;0;0;0;31;0;0;0;0;0;0;0;0;0;0;0;816600;0;0;0;0;0;0;0;0;0;0;0;0
1;45.91638;-71.6384;105;234;Souterrain;1;-1;13431002;CANTON DE HAM-NORD;Station de purification Ham-Nord (post.chl.);22131;2010;30;28;31;30;31;30;31;31;30;31;30;31;2688000;2487000;2445000;2237000;2144000;2553000;2650000;2472000;2500000;2671000;2412000;2834000;0;0;0;0;0;0;0;0;0;0;0;0
1;45.91638;-71.6384;105;234;Souterrain;1;-1;13431002;CANTON DE HAM-NORD;Station de purification Ham-Nord (post.chl.);22131;2011;31;28;31;30;31;30;31;31;30;31;30;31;2877000;2563000;2746000;2646000;2745000;2568000;2952000;2255000;2405000;2836000;2412000;2455000;0;0;0;0;0;0;0;0;0;0;0;0
1;45.91638;-71.6384;105;234;Souterrain;1;-1;13431002;CANTON DE HAM-NORD;Station de purification Ham-Nord (post.chl.);22131;2012;31;29;31;30;31;30;31;31;30;31;30;31;2532000;2593000;2525000;2653000;2648000;2530000;2982000;1972000;2263000;2557000;1823000;2333000;0;0;0;0;0;0;0;0;0;0;0;0
1;45.91638;-71.6384;105;234;Souterrain;1;-1;13431002;CANTON DE HAM-NORD;Station de purification Ham-Nord (post.chl.);22131;2013;31;28;30;30;31;30;31;30;30;31;30;31;1057000;2849000;3165000;2532000;1134000;2873000;2923000;2244000;2683000;2409000;2657000;2140000;1057000;2849000;3165000;2532000;1134000;2873000;2923000;2244000;2683000;2409000;2657000;2140000
1;45.91638;-71.6384;105;234;Souterrain;1;-1;13431002;CANTON DE HAM-NORD;Station de purification Ham-Nord (post.chl.);22131;2014;31;28;31;30;31;30;31;31;30;31;30;31;3062000;2697000;2887000;2610000;2337000;2190000;2602000;2474000;2350000;2180000;2502000;2582000;3062000;2697000;2887000;2610000;2337000;2190000;2602000;2474000;2350000;2180000;2502000;2582000
1;45.91638;-71.6384;105;234;Souterrain;1;-1;13431002;CANTON DE HAM-NORD;Station de purification Ham-Nord (post.chl.);22131;2015;31;28;31;30;31;30;31;31;30;31;30;31;2515000;2223000;2712000;2592000;1948000;2561000;2623000;2178000;2462000;2543000;2389000;2607000;2515000;2223000;2712000;2592000;1948000;2561000;2623000;2178000;2462000;2543000;2389000;2607000
1;45.91638;-71.6384;105;234;Souterrain;1;-1;13431002;CANTON DE HAM-NORD;Station de purification Ham-Nord (post.chl.);22131;2016;31;29;31;30;31;30;31;31;30;31;30;31;2050000;2467000;2618000;2771000;2186000;2201000;2362000;2430000;1463000;2191000;1869000;2388000;2050000;2467000;2618000;2771000;2186000;2201000;2362000;2430000;1463000;2191000;1869000;2388000
1;45.91638;-71.6384;105;234;Souterrain;1;-1;13431002;CANTON DE HAM-NORD;Station de purification Ham-Nord (post.chl.);22131;2017;31;28;31;30;31;30;31;31;30;31;30;31;2112000;2467000;2351000;715000;2186000;2581000;2753000;2650000;2142000;2463000;2641000;2586000;2112000;2467000;2351000;715000;2186000;2581000;2753000;2650000;2142000;2463000;2641000;2586000
1;45.91638;-71.6384;105;234;Souterrain;1;-1;13431002;CANTON DE HAM-NORD;Station de purification Ham-Nord (post.chl.);22131;2018;31;28;31;30;31;30;31;31;30;31;30;31;2450000;2092000;2453000;2071000;2450000;2488000;2489000;2704000;2427000;1864000;1750000;2251000;2450000;2092000;2453000;2071000;2450000;2488000;2489000;2704000;2427000;1864000;1750000;2251000
1;45.91638;-71.6384;105;234;Souterrain;1;-1;13431002;CANTON DE HAM-NORD;Station de purification Ham-Nord (post.chl.);22131;2019;31;28;30;30;31;30;31;31;30;31;30;31;2268000;1980000;1966000;2285000;2539000;2145000;2262000;2068000;2042000;1488000;1769000;2139000;2268000;1980000;1966000;2285000;2539000;2145000;2262000;2068000;2042000;1488000;1769000;2139000
1;45.91638;-71.6384;105;234;Souterrain;1;-1;13431002;CANTON DE HAM-NORD;Station de purification Ham-Nord (post.chl.);22131;2020;31;28;31;30;31;30;31;31;30;31;30;31;3742000;2440000;2196000;1862000;2596000;2536000;2645000;2534000;2479000;2517000;2445000;2583000;3742000;2440000;2196000;1862000;2596000;2536000;2645000;2534000;2479000;2517000;2445000;2583000
1;45.91638;-71.6384;105;234;Souterrain;1;-1;13431002;CANTON DE HAM-NORD;Station de purification Ham-Nord (post.chl.);22131;2021;31;28;31;30;31;30;31;31;30;31;30;31;2180000;2213000;2399000;2385000;2438000;2466000;2523000;2656000;2521000;2594000;2265000;1450000;2180000;2213000;2399000;2385000;2438000;2466000;2523000;2656000;2521000;2594000;2265000;1450000
1;45.91638;-71.6384;105;234;Souterrain;1;-1;13431002;CANTON DE HAM-NORD;Station de purification Ham-Nord (post.chl.);22131;2022;31;28;31;30;31;30;31;31;30;31;30;31;2258000;1976000;1965000;412000;2383000;1745000;2041000;2555000;1533000;2214000;2334000;7511000;2258000;1976000;1965000;412000;2383000;1745000;2041000;2555000;1533000;2214000;2334000;7511000
1;45.91638;-71.6384;105;234;Souterrain;1;-1;13431002;CANTON DE HAM-NORD;Station de purification Ham-Nord (post.chl.);22131;2023;31;28;31;30;31;30;31;31;30;31;30;31;8192000;2522000;2511000;1222000;2561000;2544000;1896000;8192000;1179000;1602000;1399000;8192000;8192000;2522000;2511000;1222000;2561000;2544000;1896000;8192000;1179000;1602000;1399000;8192000
1;45.91638;-71.6384;105;234;Souterrain;1;-1;13431002;CANTON DE HAM-NORD;Station de purification Ham-Nord (post.chl.);22131;2024;31;28;31;30;31;30;31;31;30;31;30;31;1000;1000;1000;1000000;2184000;2656000;2688000;1701000;1957000;2463000;1862000;1489000;1000;1000;1000;1000000;2184000;2656000;2688000;1701000;1957000;2463000;1862000;1489000
1;45.91638;-71.6384;105;234;Souterrain;1;-1;13431002;CANTON DE HAM-NORD;Station de purification Ham-Nord (post.chl.);22131;MOY;31;28;31;30;31;30;31;31;30;31;30;31;2665600;2238000;2329333;1999533;2298600;2442467;2559400;2739000;2160400;2306133;2168600;2897288;2657250;2160583;2268667;1871417;2245167;2415500;2483917;2865500;2103167;2210667;2156833;3159833
2;45.91516;-71.63236;106;238;Souterrain;1;-1;13431002;CANTON DE HAM-NORD;Station de purification Ham-Nord (post.chl.);22131;2009;0;0;0;0;0;0;0;0;0;0;0;31;0;0;0;0;0;0;0;0;0;0;0;816600;0;0;0;0;0;0;0;0;0;0;0;0
2;45.91516;-71.63236;106;238;Souterrain;1;-1;13431002;CANTON DE HAM-NORD;Station de purification Ham-Nord (post.chl.);22131;2010;19;14;22;30;31;26;14;31;30;7;12;7;87000;66000;103000;269000;323000;198000;200000;177000;130000;100000;70000;22000;0;0;0;0;0;0;0;0;0;0;0;0
2;45.91516;-71.63236;106;238;Souterrain;1;-1;13431002;CANTON DE HAM-NORD;Station de purification Ham-Nord (post.chl.);22131;2011;31;28;31;30;31;30;31;31;30;31;30;31;85000;48000;10000;75000;114000;84000;100000;130000;28000;10000;141000;19000;0;0;0;0;0;0;0;0;0;0;0;0
2;45.91516;-71.63236;106;238;Souterrain;1;-1;13431002;CANTON DE HAM-NORD;Station de purification Ham-Nord (post.chl.);22131;2012;31;29;31;30;31;30;31;31;30;31;30;31;6000;42000;61000;57000;161000;39000;100000;163000;160000;181000;222000;111000;0;0;0;0;0;0;0;0;0;0;0;0
2;45.91516;-71.63236;106;238;Souterrain;1;-1;13431002;CANTON DE HAM-NORD;Station de purification Ham-Nord (post.chl.);22131;2013;30;28;31;30;31;30;31;30;30;31;30;31;48000;109000;115000;110000;314000;221000;258000;171000;234000;210000;228000;278000;48000;109000;115000;110000;314000;221000;258000;171000;234000;210000;228000;278000
2;45.91516;-71.63236;106;238;Souterrain;1;-1;13431002;CANTON DE HAM-NORD;Station de purification Ham-Nord (post.chl.);22131;2014;31;28;31;30;31;30;31;31;30;31;30;31;495000;364000;298000;323000;236000;259000;205000;275000;184000;155000;150000;173000;495000;364000;298000;323000;236000;259000;205000;275000;184000;155000;150000;173000
2;45.91516;-71.63236;106;238;Souterrain;1;-1;13431002;CANTON DE HAM-NORD;Station de purification Ham-Nord (post.chl.);22131;2015;31;28;31;30;31;30;31;31;30;31;30;31;165000;147000;227000;259000;197000;208000;237000;199000;246000;230000;176000;192000;165000;147000;227000;259000;197000;208000;237000;199000;246000;230000;176000;192000
2;45.91516;-71.63236;106;238;Souterrain;1;-1;13431002;CANTON DE HAM-NORD;Station de purification Ham-Nord (post.chl.);22131;2016;31;29;31;30;31;30;31;31;30;31;30;31;152000;212000;263000;497000;344000;305000;192000;184000;1000;1000;190000;124000;152000;212000;263000;497000;344000;305000;192000;184000;1000;1000;190000;124000
2;45.91516;-71.63236;106;238;Souterrain;1;-1;13431002;CANTON DE HAM-NORD;Station de purification Ham-Nord (post.chl.);22131;2017;31;28;31;30;31;30;31;31;30;31;30;31;65000;212000;75000;21000;344000;142000;155000;177000;163000;99000;134000;133000;65000;212000;75000;21000;344000;142000;155000;177000;163000;99000;134000;133000
2;45.91516;-71.63236;106;238;Souterrain;1;-1;13431002;CANTON DE HAM-NORD;Station de purification Ham-Nord (post.chl.);22131;2018;31;28;31;30;31;30;31;31;30;31;30;31;193000;207000;193000;253000;248000;247000;319000;253000;231000;209000;297000;370000;193000;207000;193000;253000;248000;247000;319000;253000;23000;209000;297000;370000
2;45.91516;-71.63236;106;238;Souterrain;1;-1;13431002;CANTON DE HAM-NORD;Station de purification Ham-Nord (post.chl.);22131;2019;31;28;31;30;31;30;31;31;30;31;30;31;346000;313000;279000;329000;392000;328000;264000;323000;253000;157000;297000;370000;346000;313000;279000;329000;392000;328000;264000;323000;253000;157000;297000;370000
2;45.91516;-71.63236;106;238;Souterrain;1;-1;13431002;CANTON DE HAM-NORD;Station de purification Ham-Nord (post.chl.);22131;2020;31;28;31;30;31;30;31;31;30;31;30;31;252000;350000;431000;535000;369000;250000;222000;220000;225000;151000;136000;249000;252000;350000;431000;535000;369000;250000;222000;220000;225000;151000;136000;249000
2;45.91516;-71.63236;106;238;Souterrain;1;-1;13431002;CANTON DE HAM-NORD;Station de purification Ham-Nord (post.chl.);22131;2021;31;28;31;30;31;30;31;31;30;31;30;31;166000;188000;153000;174000;233000;297000;351000;225000;118000;145000;237000;342000;166000;188000;153000;174000;233000;297000;351000;225000;118000;145000;237000;342000
2;45.91516;-71.63236;106;238;Souterrain;1;-1;13431002;CANTON DE HAM-NORD;Station de purification Ham-Nord (post.chl.);22131;2022;31;28;31;30;31;30;31;31;30;31;30;31;391000;311000;373000;391000;375000;420000;421000;393000;289000;206000;213000;698000;391000;311000;373000;391000;375000;420000;421000;393000;289000;206000;213000;698000
2;45.91516;-71.63236;106;238;Souterrain;1;-1;13431002;CANTON DE HAM-NORD;Station de purification Ham-Nord (post.chl.);22131;2023;31;28;31;30;31;30;31;31;30;31;30;31;920000;195000;218000;213000;228000;206000;101000;233000;254000;237000;246000;332000;920000;195000;218000;213000;228000;206000;101000;233000;254000;237000;246000;332000
2;45.91516;-71.63236;106;238;Souterrain;1;-1;13431002;CANTON DE HAM-NORD;Station de purification Ham-Nord (post.chl.);22131;2024;31;28;31;30;31;30;31;31;30;31;30;31;230000;186000;254000;424000;235000;199000;228000;264000;216000;202000;220000;121000;230000;186000;254000;424000;235000;199000;228000;264000;216000;202000;220000;121000
2;45.91516;-71.63236;106;238;Souterrain;1;-1;13431002;CANTON DE HAM-NORD;Station de purification Ham-Nord (post.chl.);22131;MOY;30;27;30;30;31;30;30;31;30;29;29;30;240067;196667;203533;262000;274200;226867;223533;225800;182133;152867;197133;271912;285250;232833;239917;294083;292917;256833;246083;243083;183833;166833;210333;281833
3;45.91542;-71.63271;105;234;Souterrain;1;-1;13431002;CANTON DE HAM-NORD;Station de purification Ham-Nord (post.chl.);22131;2009;0;0;0;0;0;0;0;0;0;0;0;31;0;0;0;0;0;0;0;0;0;0;0;816600;0;0;0;0;0;0;0;0;0;0;0;0
3;45.91542;-71.63271;105;234;Souterrain;1;-1;13431002;CANTON DE HAM-NORD;Station de purification Ham-Nord (post.chl.);22131;2010;18;14;22;30;31;26;14;31;30;7;12;7;96000;87000;130000;366000;418000;226000;218000;152000;90000;135000;86000;27000;0;0;0;0;0;0;0;0;0;0;0;0
3;45.91542;-71.63271;105;234;Souterrain;1;-1;13431002;CANTON DE HAM-NORD;Station de purification Ham-Nord (post.chl.);22131;2011;31;28;31;30;31;30;31;31;30;31;30;31;93000;48000;8000;86000;167000;131000;144000;122000;27000;13000;190000;27000;0;0;0;0;0;0;0;0;0;0;0;0
3;45.91542;-71.63271;105;234;Souterrain;1;-1;13431002;CANTON DE HAM-NORD;Station de purification Ham-Nord (post.chl.);22131;2012;31;29;31;30;31;30;31;31;30;31;30;31;8000;49000;77000;65000;221000;44000;144000;229000;103000;273000;299000;46000;0;0;0;0;0;0;0;0;0;0;0;0
3;45.91542;-71.63271;105;234;Souterrain;1;-1;13431002;CANTON DE HAM-NORD;Station de purification Ham-Nord (post.chl.);22131;2013;31;28;31;30;31;30;31;31;30;31;30;31;29000;138000;158000;149000;459000;305000;327000;214000;301000;262000;293000;288000;29000;138000;158000;149000;459000;305000;327000;214000;301000;262000;293000;288000
3;45.91542;-71.63271;105;234;Souterrain;1;-1;13431002;CANTON DE HAM-NORD;Station de purification Ham-Nord (post.chl.);22131;2014;31;28;31;30;31;30;31;31;30;31;30;31;406000;266000;180000;257000;217000;232000;194000;272000;168000;129000;141000;155000;406000;266000;180000;257000;217000;232000;194000;272000;168000;129000;141000;155000
3;45.91542;-71.63271;105;234;Souterrain;1;-1;13431002;CANTON DE HAM-NORD;Station de purification Ham-Nord (post.chl.);22131;2015;31;28;31;30;30;30;31;31;30;31;30;31;152000;121000;189000;223000;180000;184000;209000;185000;218000;213000;160000;201000;152000;121000;189000;223000;180000;184000;209000;185000;218000;213000;160000;201000
3;45.91542;-71.63271;105;234;Souterrain;1;-1;13431002;CANTON DE HAM-NORD;Station de purification Ham-Nord (post.chl.);22131;2016;31;29;31;30;31;30;31;31;30;31;30;31;141000;247000;282000;444000;291000;270000;201000;188000;396000;340000;497000;253000;141000;247000;282000;444000;291000;270000;201000;188000;396000;340000;497000;253000
3;45.91542;-71.63271;105;234;Souterrain;1;-1;13431002;CANTON DE HAM-NORD;Station de purification Ham-Nord (post.chl.);22131;2017;31;28;31;30;31;30;31;31;30;31;30;31;143000;247000;117000;23000;291000;165000;178000;200000;174000;114000;164000;155000;143000;247000;117000;23000;291000;165000;178000;200000;174000;114000;164000;155000
3;45.91542;-71.63271;105;234;Souterrain;1;-1;13431002;CANTON DE HAM-NORD;Station de purification Ham-Nord (post.chl.);22131;2018;31;28;31;30;31;30;31;31;30;31;30;31;230000;251000;215000;284000;280000;269000;243000;188000;120000;166000;315000;393000;230000;251000;215000;284000;280000;269000;243000;188000;120000;166000;315000;393000
3;45.91542;-71.63271;105;234;Souterrain;1;-1;13431002;CANTON DE HAM-NORD;Station de purification Ham-Nord (post.chl.);22131;2019;31;28;31;30;31;30;31;31;30;31;30;31;386000;329000;224000;384000;472000;377000;216000;40000;161000;222000;263000;350000;386000;329000;224000;384000;472000;377000;216000;40000;161000;222000;263000;350000
3;45.91542;-71.63271;105;234;Souterrain;1;-1;13431002;CANTON DE HAM-NORD;Station de purification Ham-Nord (post.chl.);22131;2020;31;28;31;30;31;30;31;31;30;31;30;31;260000;294000;489000;808000;577000;202000;148000;215000;228000;165000;141000;339000;260000;294000;489000;808000;577000;202000;148000;215000;228000;165000;141000;339000
3;45.91542;-71.63271;105;234;Souterrain;1;-1;13431002;CANTON DE HAM-NORD;Station de purification Ham-Nord (post.chl.);22131;2021;31;28;31;30;31;30;31;31;30;31;30;31;181000;182000;153000;181000;239000;205000;115000;102000;62000;56000;112000;405000;181000;182000;153000;181000;239000;205000;115000;102000;62000;56000;112000;405000
3;45.91542;-71.63271;105;234;Souterrain;1;-1;13431002;CANTON DE HAM-NORD;Station de purification Ham-Nord (post.chl.);22131;2022;31;28;31;30;31;30;31;31;30;31;30;31;133000;223000;508000;578000;500000;618000;288000;235000;67000;410000;361000;994000;133000;223000;508000;578000;500000;618000;288000;235000;67000;410000;361000;994000
3;45.91542;-71.63271;105;234;Souterrain;1;-1;13431002;CANTON DE HAM-NORD;Station de purification Ham-Nord (post.chl.);22131;2023;31;28;31;30;31;30;3;31;30;31;30;31;1036000;148000;375000;538000;523000;318000;743000;443000;634000;445000;530000;668000;1036000;148000;375000;538000;523000;318000;743000;443000;634000;445000;530000;668000
3;45.91542;-71.63271;105;234;Souterrain;1;-1;13431002;CANTON DE HAM-NORD;Station de purification Ham-Nord (post.chl.);22131;2024;31;28;31;30;31;30;31;31;30;31;30;31;505000;307000;673000;882000;573000;335000;458000;652000;457000;287000;362000;570000;505000;307000;673000;882000;573000;335000;458000;652000;457000;287000;362000;570000
3;45.91542;-71.63271;105;234;Souterrain;1;-1;13431002;CANTON DE HAM-NORD;Station de purification Ham-Nord (post.chl.);22131;MOY;30;27;30;30;31;30;28;31;30;29;29;30;253267;195800;251867;351200;360533;258733;255067;229133;213733;215333;260933;355475;300167;229417;296917;395917;383500;290000;276667;244500;248833;234083;278250;397583
4;45.91605;-71.63303;105;234;Souterrain;1;-1;13431002;CANTON DE HAM-NORD;Station de purification Ham-Nord (post.chl.);22131;2009;0;0;0;0;0;0;0;0;0;0;0;31;0;0;0;0;0;0;0;0;0;0;0;816600;0;0;0;0;0;0;0;0;0;0;0;0
4;45.91605;-71.63303;105;234;Souterrain;1;-1;13431002;CANTON DE HAM-NORD;Station de purification Ham-Nord (post.chl.);22131;2010;2;2;2;12;13;1;3;6;19;1;1;1;24000;26000;13000;62000;68000;1000;17000;36000;96000;1000;1000;9000;0;0;0;0;0;0;0;0;0;0;0;0
4;45.91605;-71.63303;105;234;Souterrain;1;-1;13431002;CANTON DE HAM-NORD;Station de purification Ham-Nord (post.chl.);22131;2011;31;28;31;30;31;30;31;31;30;31;30;31;1000;1000;1000;42000;59000;33000;1000;62000;1000;1000;55000;1000;0;0;0;0;0;0;0;0;0;0;0;0
4;45.91605;-71.63303;105;234;Souterrain;1;-1;13431002;CANTON DE HAM-NORD;Station de purification Ham-Nord (post.chl.);22131;2012;31;29;31;30;31;30;31;31;30;31;30;31;1000;1000;1000;1000;60000;1000;1000;40000;53000;49000;127000;3000;0;0;0;0;0;0;0;0;0;0;0;0
4;45.91605;-71.63303;105;234;Souterrain;1;-1;13431002;CANTON DE HAM-NORD;Station de purification Ham-Nord (post.chl.);22131;2013;31;28;31;30;31;30;31;31;30;31;30;31;1000;1000;2000;11000;186000;6000;62000;1000;1000;1000;11000;11000;1000;1000;2000;11000;186000;6000;62000;1000;1000;1000;11000;11000
4;45.91605;-71.63303;105;234;Souterrain;1;-1;13431002;CANTON DE HAM-NORD;Station de purification Ham-Nord (post.chl.);22131;2014;31;28;31;30;31;30;31;31;30;31;30;31;94000;350000;308000;306000;256000;242000;245000;322000;215000;187000;198000;215000;94000;350000;308000;306000;256000;242000;245000;322000;215000;187000;198000;215000
4;45.91605;-71.63303;105;234;Souterrain;1;-1;13431002;CANTON DE HAM-NORD;Station de purification Ham-Nord (post.chl.);22131;2015;31;28;31;30;31;30;31;31;30;31;30;31;208000;173000;171000;182000;212000;226000;241000;223000;268000;258000;235000;240000;208000;173000;171000;182000;212000;226000;241000;223000;268000;258000;235000;240000
4;45.91605;-71.63303;105;234;Souterrain;1;-1;13431002;CANTON DE HAM-NORD;Station de purification Ham-Nord (post.chl.);22131;2016;31;29;31;30;31;30;31;31;30;31;30;31;170000;241000;271000;365000;271000;270000;220000;178000;258000;201000;116000;13000;170000;241000;271000;365000;271000;270000;220000;178000;258000;201000;116000;13000
4;45.91605;-71.63303;105;234;Souterrain;1;-1;13431002;CANTON DE HAM-NORD;Station de purification Ham-Nord (post.chl.);22131;2017;31;28;31;30;31;30;31;31;30;31;30;31;1000;241000;1000;1000;271000;1000;1000;1000;159000;150000;108000;8000;1000;241000;1000;1000;271000;1000;1000;1000;159000;150000;108000;8000
4;45.91605;-71.63303;105;234;Souterrain;1;-1;13431002;CANTON DE HAM-NORD;Station de purification Ham-Nord (post.chl.);22131;2018;31;28;31;30;31;30;31;31;30;31;30;31;79000;53000;27000;1000;1000;1000;54000;169000;132000;170000;209000;223000;79000;53000;27000;1000;1000;1000;54000;169000;132000;170000;209000;223000
4;45.91605;-71.63303;105;234;Souterrain;1;-1;13431002;CANTON DE HAM-NORD;Station de purification Ham-Nord (post.chl.);22131;2019;31;28;31;30;31;30;31;31;30;31;30;31;201000;148000;127000;260000;226000;153000;115000;120000;171000;160000;209000;223000;201000;148000;127000;260000;226000;153000;115000;120000;171000;160000;209000;223000
4;45.91605;-71.63303;105;234;Souterrain;1;-1;13431002;CANTON DE HAM-NORD;Station de purification Ham-Nord (post.chl.);22131;2020;31;28;31;30;31;30;31;31;30;31;30;31;187000;181000;304000;355000;316000;189000;198000;218000;213000;192000;175000;226000;187000;181000;304000;355000;316000;189000;198000;218000;213000;192000;175000;226000
4;45.91605;-71.63303;105;234;Souterrain;1;-1;13431002;CANTON DE HAM-NORD;Station de purification Ham-Nord (post.chl.);22131;2021;31;28;31;30;31;30;31;31;30;31;30;31;193000;173000;180000;200000;216000;202000;207000;189000;169000;172000;209000;126000;193000;173000;180000;200000;216000;202000;207000;189000;169000;172000;209000;126000
4;45.91605;-71.63303;105;234;Souterrain;1;-1;13431002;CANTON DE HAM-NORD;Station de purification Ham-Nord (post.chl.);22131;2022;31;28;31;30;31;30;31;31;30;31;30;31;223000;207000;247000;241000;233000;245000;234000;219000;123000;317000;225000;1111000;223000;207000;247000;241000;233000;245000;234000;219000;123000;317000;225000;1111000
4;45.91605;-71.63303;105;234;Souterrain;1;-1;13431002;CANTON DE HAM-NORD;Station de purification Ham-Nord (post.chl.);22131;2023;31;28;31;30;31;30;31;31;30;31;30;31;1724000;489000;307000;320000;351000;309000;396000;433000;398000;354000;373000;588000;1724000;489000;307000;320000;351000;309000;396000;433000;398000;354000;373000;588000
4;45.91605;-71.63303;105;234;Souterrain;1;-1;13431002;CANTON DE HAM-NORD;Station de purification Ham-Nord (post.chl.);22131;2024;31;28;31;30;31;30;31;31;30;31;30;31;376000;274000;403000;697000;347000;294000;329000;373000;324000;299000;317000;380000;376000;274000;403000;697000;347000;294000;329000;373000;324000;299000;317000;380000
4;45.91605;-71.63303;105;234;Souterrain;1;-1;13431002;CANTON DE HAM-NORD;Station de purification Ham-Nord (post.chl.);22131;MOY;29;26;29;29;30;28;29;29;29;29;28;29;232200;170600;157533;202933;204867;144867;154733;172267;172067;167467;171200;262100;288083;210917;195667;244917;240500;178167;191833;203833;202583;205083;198750;280333
5;45.91451;-71.63159;106;238;Souterrain;1;-1;13431002;CANTON DE HAM-NORD;Station de purification Ham-Nord (post.chl.);22131;2009;0;0;0;0;0;0;0;0;0;0;0;31;0;0;0;0;0;0;0;0;0;0;0;816600;0;0;0;0;0;0;0;0;0;0;0;0
5;45.91451;-71.63159;106;238;Souterrain;1;-1;13431002;CANTON DE HAM-NORD;Station de purification Ham-Nord (post.chl.);22131;2010;19;18;22;30;31;30;31;31;30;31;20;9;240000;88000;203000;542000;728000;478000;425000;333000;251000;250000;150000;65000;0;0;0;0;0;0;0;0;0;0;0;0
5;45.91451;-71.63159;106;238;Souterrain;1;-1;13431002;CANTON DE HAM-NORD;Station de purification Ham-Nord (post.chl.);22131;2011;31;28;31;30;31;30;31;31;30;31;30;31;173000;103000;17000;158000;242000;177000;211000;267000;59000;26000;337000;41000;0;0;0;0;0;0;0;0;0;0;0;0
5;45.91451;-71.63159;106;238;Souterrain;1;-1;13431002;CANTON DE HAM-NORD;Station de purification Ham-Nord (post.chl.);22131;2012;31;29;31;30;31;30;31;31;30;31;30;31;12000;97000;131000;133000;395000;86000;211000;407000;359000;350000;318000;295000;0;0;0;0;0;0;0;0;0;0;0;0
5;45.91451;-71.63159;106;238;Souterrain;1;-1;13431002;CANTON DE HAM-NORD;Station de purification Ham-Nord (post.chl.);22131;2013;31;28;31;30;31;30;31;31;30;31;30;31;115000;287000;266000;268000;820000;478000;655000;402000;574000;486000;583000;686000;115000;287000;266000;268000;820000;478000;655000;402000;574000;486000;583000;686000
5;45.91451;-71.63159;106;238;Souterrain;1;-1;13431002;CANTON DE HAM-NORD;Station de purification Ham-Nord (post.chl.);22131;2014;31;28;31;30;31;30;31;31;30;31;30;31;1018000;731000;583000;583000;422000;454000;350000;686000;430000;198000;11000;140000;1018000;731000;583000;583000;422000;454000;350000;686000;430000;198000;11000;140000
5;45.91451;-71.63159;106;238;Souterrain;1;-1;13431002;CANTON DE HAM-NORD;Station de purification Ham-Nord (post.chl.);22131;2015;31;28;31;30;31;30;31;31;30;31;30;31;366000;346000;456000;720000;535000;605000;559000;486000;517000;422000;351000;386000;366000;346000;456000;720000;535000;605000;559000;486000;517000;422000;351000;386000
5;45.91451;-71.63159;106;238;Souterrain;1;-1;13431002;CANTON DE HAM-NORD;Station de purification Ham-Nord (post.chl.);22131;2016;31;29;31;30;31;30;31;31;30;31;30;31;324000;480000;530000;889000;613000;506000;381000;315000;561000;329000;350000;198000;324000;480000;530000;889000;613000;506000;381000;315000;561000;329000;350000;198000
5;45.91451;-71.63159;106;238;Souterrain;1;-1;13431002;CANTON DE HAM-NORD;Station de purification Ham-Nord (post.chl.);22131;2017;31;28;31;30;31;30;31;31;30;31;30;31;114000;480000;119000;34000;613000;233000;248000;312000;349000;161000;234000;222000;114000;480000;119000;34000;613000;233000;248000;312000;349000;161000;234000;222000
5;45.91451;-71.63159;106;238;Souterrain;1;-1;13431002;CANTON DE HAM-NORD;Station de purification Ham-Nord (post.chl.);22131;2018;31;28;31;30;31;30;31;31;30;31;30;31;339000;353000;334000;452000;442000;464000;550000;463000;396000;475000;684000;866000;339000;353000;334000;452000;442000;464000;550000;463000;396000;475000;684000;866000
5;45.91451;-71.63159;106;238;Souterrain;1;-1;13431002;CANTON DE HAM-NORD;Station de purification Ham-Nord (post.chl.);22131;2019;31;28;31;30;31;30;31;31;30;31;30;31;773000;693000;565000;841000;1016000;846000;526000;447000;576000;443000;684000;866000;773000;693000;565000;841000;1016000;846000;526000;447000;576000;443000;684000;866000
5;45.91451;-71.63159;106;238;Souterrain;1;-1;13431002;CANTON DE HAM-NORD;Station de purification Ham-Nord (post.chl.);22131;2020;31;28;31;30;31;30;31;31;30;31;30;31;723000;643000;1170000;1723000;1029000;463000;433000;554000;581000;394000;323000;774000;723000;643000;1170000;1723000;1029000;463000;433000;554000;581000;394000;323000;774000
5;45.91451;-71.63159;106;238;Souterrain;1;-1;13431002;CANTON DE HAM-NORD;Station de purification Ham-Nord (post.chl.);22131;2021;31;28;31;30;31;30;31;31;30;31;30;31;423000;492000;429000;466000;650000;517000;532000;406000;349000;345000;485000;859000;423000;492000;429000;466000;650000;517000;532000;406000;349000;345000;485000;859000
5;45.91451;-71.63159;106;238;Souterrain;1;-1;13431002;CANTON DE HAM-NORD;Station de purification Ham-Nord (post.chl.);22131;2022;31;28;31;30;31;30;31;31;30;31;30;31;636000;648000;1075000;1175000;1008000;1215000;656000;814000;386000;735000;490000;2552000;636000;648000;1075000;1175000;1008000;1215000;656000;814000;386000;735000;490000;2552000
5;45.91451;-71.63159;106;238;Souterrain;1;-1;13431002;CANTON DE HAM-NORD;Station de purification Ham-Nord (post.chl.);22131;2023;31;28;31;30;31;30;31;31;30;31;30;31;3745000;847000;794000;782000;876000;668000;477000;819000;1000;1000;1000;819000;3745000;847000;794000;782000;876000;668000;477000;819000;1000;1000;1000;819000
5;45.91451;-71.63159;106;238;Souterrain;1;-1;13431002;CANTON DE HAM-NORD;Station de purification Ham-Nord (post.chl.);22131;2024;31;28;31;30;31;30;31;31;30;31;30;31;1000;1000;1000;912000;983000;668000;916000;1188000;847000;582000;746000;978000;1000;1000;1000;912000;983000;668000;916000;1188000;847000;582000;746000;978000
5;45.91451;-71.63159;106;238;Souterrain;1;-1;13431002;CANTON DE HAM-NORD;Station de purification Ham-Nord (post.chl.);22131;MOY;30;27;30;30;31;30;31;31;30;31;29;30;600133;419267;444867;645200;691467;523867;475333;526600;415733;346467;383133;660225;714750;500083;526833;737083;750583;593083;523583;574333;463917;380917;411833;778833
6;45.91242;-71.63361;106;238;Souterrain;1;-1;13431002;CANTON DE HAM-NORD;Station de purification Ham-Nord (post.chl.);22131;2009;0;0;0;0;0;0;0;0;0;0;0;31;0;0;0;0;0;0;0;0;0;0;0;816600;0;0;0;0;0;0;0;0;0;0;0;0
6;45.91242;-71.63361;106;238;Souterrain;1;-1;13431002;CANTON DE HAM-NORD;Station de purification Ham-Nord (post.chl.);22131;2010;30;28;31;0;0;30;31;31;30;31;30;31;1570000;1197000;318000;0;0;1839000;2015000;1518000;1945000;2077000;1894000;2330000;0;0;0;0;0;0;0;0;0;0;0;0
6;45.91242;-71.63361;106;238;Souterrain;1;-1;13431002;CANTON DE HAM-NORD;Station de purification Ham-Nord (post.chl.);22131;2011;31;28;31;30;31;30;31;31;30;31;30;31;2466000;2083000;2185000;2190000;2277000;1989000;1990000;1406000;1352000;1397000;1133000;1328000;0;0;0;0;0;0;0;0;0;0;0;0
6;45.91242;-71.63361;106;238;Souterrain;1;-1;13431002;CANTON DE HAM-NORD;Station de purification Ham-Nord (post.chl.);22131;2012;31;29;31;30;31;30;31;31;30;31;30;31;1162000;1271000;1238000;1292000;1379000;1747000;2000000;744000;740000;810000;893000;672000;0;0;0;0;0;0;0;0;0;0;0;0
6;45.91242;-71.63361;106;238;Souterrain;1;-1;13431002;CANTON DE HAM-NORD;Station de purification Ham-Nord (post.chl.);22131;2013;31;28;31;30;31;30;31;31;30;31;30;31;301000;1178000;1443000;1197000;1056000;708000;685000;650000;805000;723000;934000;904000;301000;1178000;1443000;1197000;1056000;708000;685000;650000;805000;723000;934000;904000
6;45.91242;-71.63361;106;238;Souterrain;1;-1;13431002;CANTON DE HAM-NORD;Station de purification Ham-Nord (post.chl.);22131;2014;31;28;31;30;31;30;31;31;30;31;30;31;906000;1413000;654000;1123000;774000;937000;854000;1034000;799000;707000;558000;673000;906000;1413000;654000;1123000;774000;937000;854000;1034000;799000;707000;558000;673000
6;45.91242;-71.63361;106;238;Souterrain;1;-1;13431002;CANTON DE HAM-NORD;Station de purification Ham-Nord (post.chl.);22131;2015;31;28;31;30;31;30;31;31;30;31;30;31;791000;781000;1030000;1074000;850000;780000;573000;381000;485000;489000;389000;458000;791000;781000;1030000;1074000;850000;780000;573000;381000;485000;489000;389000;458000
6;45.91242;-71.63361;106;238;Souterrain;1;-1;13431002;CANTON DE HAM-NORD;Station de purification Ham-Nord (post.chl.);22131;2016;31;29;31;30;31;30;31;31;30;31;30;31;415000;455000;262000;1000;732000;858000;913000;1219000;1235000;1024000;1121000;783000;415000;455000;262000;1000;732000;858000;913000;1219000;1235000;1024000;1121000;783000
6;45.91242;-71.63361;106;238;Souterrain;1;-1;13431002;CANTON DE HAM-NORD;Station de purification Ham-Nord (post.chl.);22131;2017;31;28;31;30;31;30;31;31;30;31;30;31;675000;455000;765000;219000;732000;880000;900000;834000;749000;742000;776000;684000;675000;455000;765000;219000;732000;880000;900000;834000;749000;742000;776000;684000
6;45.91242;-71.63361;106;238;Souterrain;1;-1;13431002;CANTON DE HAM-NORD;Station de purification Ham-Nord (post.chl.);22131;2018;31;28;31;30;31;30;31;31;30;31;30;31;747000;741000;681000;762000;592000;638000;710000;662000;662000;642000;95000;1000;747000;741000;681000;762000;592000;638000;710000;662000;662000;642000;95000;1000
6;45.91242;-71.63361;106;238;Souterrain;1;-1;13431002;CANTON DE HAM-NORD;Station de purification Ham-Nord (post.chl.);22131;2019;31;28;31;30;31;30;31;31;30;30;30;31;1000;1000;1000;1000;1000;630000;1023000;1050000;951000;611000;95000;1000;1000;1000;1000;1000;1000;630000;1023000;1050000;951000;611000;95000;1000
6;45.91242;-71.63361;106;238;Souterrain;1;-1;13431002;CANTON DE HAM-NORD;Station de purification Ham-Nord (post.chl.);22131;2020;31;28;31;30;31;30;31;31;30;30;30;31;640000;1147000;1129000;1106000;1166000;923000;1009000;573000;743000;713000;667000;791000;640000;1147000;1129000;1106000;1166000;923000;1009000;573000;743000;713000;667000;791000
6;45.91242;-71.63361;106;238;Souterrain;1;-1;13431002;CANTON DE HAM-NORD;Station de purification Ham-Nord (post.chl.);22131;2021;31;28;31;30;31;30;31;31;30;31;30;31;661000;603000;623000;585000;620000;688000;683000;853000;745000;670000;720000;778000;661000;603000;623000;585000;620000;688000;683000;853000;745000;670000;720000;778000
6;45.91242;-71.63361;106;238;Souterrain;1;-1;13431002;CANTON DE HAM-NORD;Station de purification Ham-Nord (post.chl.);22131;2022;31;28;31;30;31;30;31;31;30;31;30;31;887000;829000;708000;576000;779000;606000;883000;495000;355000;682000;695000;2232000;887000;829000;708000;576000;779000;606000;883000;495000;355000;682000;695000;2232000
6;45.91242;-71.63361;106;238;Souterrain;1;-1;13431002;CANTON DE HAM-NORD;Station de purification Ham-Nord (post.chl.);22131;2023;31;28;31;30;31;30;31;31;30;31;30;31;2866000;579000;802000;883000;951000;997000;360000;797000;213000;855000;842000;819000;2866000;579000;802000;883000;951000;997000;360000;797000;213000;855000;842000;819000
6;45.91242;-71.63361;106;238;Souterrain;1;-1;13431002;CANTON DE HAM-NORD;Station de purification Ham-Nord (post.chl.);22131;2024;31;28;31;30;31;30;31;31;30;31;30;31;1000;1000;1000;878000;704000;721000;646000;893000;841000;862000;759000;324000;1000;1000;1000;878000;704000;721000;646000;893000;841000;862000;759000;324000
6;45.91242;-71.63361;106;238;Souterrain;1;-1;13431002;CANTON DE HAM-NORD;Station de purification Ham-Nord (post.chl.);22131;MOY;31;28;31;30;31;30;31;31;30;31;30;31;939267;848933;789333;849071;900929;996067;1016267;873933;841333;866933;771400;849662;740917;681917;674917;700417;746417;780500;769917;786750;715250;726667;637583;704000
7;45.88964;-71.98964;153;351;Souterrain;1;-1;19953066;MUNICIPALITE DE TINGWICK;Station de purification Tingwick (post.chl.);22131;2009;0;0;0;0;0;0;0;0;0;29;30;31;0;0;0;0;0;0;0;0;0;560583000;565353000;569813000;0;0;0;0;0;0;0;0;0;0;0;0
7;45.88964;-71.98964;153;351;Souterrain;1;-1;19953066;MUNICIPALITE DE TINGWICK;Station de purification Tingwick (post.chl.);22131;2010;31;28;31;30;31;30;31;31;30;31;30;31;4653000;3666000;6117000;4587000;4950000;5533000;5442000;5726000;4590000;3850000;4356000;4544000;0;0;0;0;0;0;0;0;0;0;0;0
7;45.88964;-71.98964;153;351;Souterrain;1;-1;19953066;MUNICIPALITE DE TINGWICK;Station de purification Tingwick (post.chl.);22131;2011;7;7;10;9;11;13;15;21;17;22;15;17;3366000;5995000;4244000;3033000;3773000;4980000;6083000;4944000;4019000;4627000;3001000;3587000;0;0;0;0;0;0;0;0;0;0;0;0
7;45.88964;-71.98964;153;351;Souterrain;1;-1;19953066;MUNICIPALITE DE TINGWICK;Station de purification Tingwick (post.chl.);22131;2012;19;13;11;15;20;19;21;18;16;15;17;18;3586000;3436000;3595000;3844000;4264000;3998000;5438000;4435000;3544000;3692000;3240000;3637000;0;0;0;0;0;0;0;0;0;0;0;0
7;45.88964;-71.98964;153;351;Souterrain;1;-1;19953066;MUNICIPALITE DE TINGWICK;Station de purification Tingwick (post.chl.);22131;2013;21;20;17;19;23;16;20;18;18;23;22;16;4643000;4698000;4183000;4330000;4611000;3930000;5057000;4200000;3348000;4504000;3458000;4031000;0;0;0;0;0;0;0;0;0;0;0;0
7;45.88964;-71.98964;153;351;Souterrain;1;-1;19953066;MUNICIPALITE DE TINGWICK;Station de purification Tingwick (post.chl.);22131;2014;22;18;19;20;16;13;15;16;20;14;10;17;4188000;3777000;3502000;3587000;3980000;4229000;5369000;4128000;3958000;3657000;2377000;3632000;4188000;3777000;3502000;3587000;3980000;4229000;5369000;4128000;3958000;3657000;2377000;3632000
7;45.88964;-71.98964;153;351;Souterrain;1;-1;19953066;MUNICIPALITE DE TINGWICK;Station de purification Tingwick (post.chl.);22131;2015;20;17;20;16;14;13;18;16;16;16;20;13;4480000;3422000;4519000;3777000;5413000;4729000;4373000;5603000;4732000;4007000;4501000;4846000;2758000;3422000;4125000;3193000;4582000;3624000;3851000;4852000;4616000;3533000;3830000;4368000
7;45.88964;-71.98964;153;351;Souterrain;1;-1;19953066;MUNICIPALITE DE TINGWICK;Station de purification Tingwick (post.chl.);22131;2016;15;17;18;18;17;15;18;14;14;15;16;17;2951000;5394000;4567000;4698000;5317000;4260000;4520000;4743000;4253000;3744000;3470000;3563000;2951000;5394000;4567000;4698000;5317000;4260000;4520000;4743000;4253000;3744000;3470000;3563000
7;45.88964;-71.98964;153;351;Souterrain;1;-1;19953066;MUNICIPALITE DE TINGWICK;Station de purification Tingwick (post.chl.);22131;2017;14;13;15;13;15;16;14;14;13;15;14;13;3210000;3027000;3422000;3257000;3842000;4703000;3811000;4559000;4483000;3499000;3184000;4006000;3210000;3027000;3422000;3257000;3842000;4703000;3811000;4559000;4483000;3499000;3184000;4006000
7;45.88964;-71.98964;153;351;Souterrain;1;-1;19953066;MUNICIPALITE DE TINGWICK;Station de purification Tingwick (post.chl.);22131;2018;14;12;15;17;18;19;20;22;19;17;16;13;3605000;3082000;3507000;3522000;3977000;4007000;4645000;5541000;4567000;4224000;4371000;3575000;3605000;3082000;3507000;3522000;3977000;4007000;4645000;5541000;4567000;4224000;4371000;3575000
7;45.88964;-71.98964;153;351;Souterrain;1;-1;19953066;MUNICIPALITE DE TINGWICK;Station de purification Tingwick (post.chl.);22131;2019;15;12;20;17;18;14;17;19;20;17;20;15;4112000;2924000;5258000;4621000;4967000;3431000;4948000;4642000;4901000;4558000;5363000;3915000;4112000;2924000;5258000;4621000;4967000;3431000;4948000;4642000;4901000;4558000;5363000;3915000
7;45.88964;-71.98964;153;351;Souterrain;1;-1;19953066;MUNICIPALITE DE TINGWICK;Station de purification Tingwick (post.chl.);22131;2020;24;26;31;30;31;30;31;31;30;31;29;20;4760000;4399000;8540000;9174000;11263000;11694000;13359000;12938000;12170000;11615000;8505000;6431000;4760000;4399000;8540000;9174000;11263000;11694000;13359000;12938000;12170000;11615000;8505000;6431000
7;45.88964;-71.98964;153;351;Souterrain;1;-1;19953066;MUNICIPALITE DE TINGWICK;Station de purification Tingwick (post.chl.);22131;2021;26;19;23;25;23;29;30;31;30;31;30;31;5464000;2904000;3745000;4189000;5211000;6730000;10845000;5044000;4332000;3997000;3962000;3922000;5464000;2904000;3745000;4189000;5211000;6730000;10845000;5044000;4332000;3997000;3962000;3922000
7;45.88964;-71.98964;153;351;Souterrain;1;-1;19953066;MUNICIPALITE DE TINGWICK;Station de purification Tingwick (post.chl.);22131;2022;31;28;31;30;31;30;31;31;30;31;30;31;3900000;3348000;4199000;3867000;4072000;3655000;4365000;4187000;3578000;3282000;3506000;2754000;3900000;3348000;4199000;3867000;4072000;3655000;4365000;4187000;3578000;3282000;3506000;2754000
7;45.88964;-71.98964;153;351;Souterrain;1;-1;19953066;MUNICIPALITE DE TINGWICK;Station de purification Tingwick (post.chl.);22131;2023;31;28;31;30;31;30;31;31;30;31;30;31;1093000;1447000;1479000;1439000;2119000;2303000;2350000;4106000;2633000;1417000;1199000;1178000;1093000;1447000;1479000;1439000;2119000;2303000;2350000;4106000;2633000;1417000;1199000;1178000
7;45.88964;-71.98964;153;351;Souterrain;1;-1;19953066;MUNICIPALITE DE TINGWICK;Station de purification Tingwick (post.chl.);22131;2024;31;28;31;30;31;30;31;31;30;31;30;31;3002000;3307000;3787000;3777000;4382000;5204000;5259000;5626000;4483000;4512000;4343000;4418000;3002000;3307000;3787000;3777000;4382000;5204000;5259000;5626000;4483000;4512000;4343000;4418000
7;45.88964;-71.98964;153;351;Souterrain;1;-1;19953066;MUNICIPALITE DE TINGWICK;Station de purification Tingwick (post.chl.);22131;MOY;21;19;22;21;22;21;23;23;22;23;22;22;3800867;3655067;4310933;4113467;4809400;4892400;5724267;5361467;4639400;39110500;39011812;39240750;3549364;3366455;4193727;4120364;4882909;4894545;5756545;5487818;4906727;4367091;4010000;3796545
8;45.9798;-71.80842;88;195;Souterrain;1;-1;21968532;Municipalite de Chesterville;Station de purification Chesterville. (aut. trai.);22131;2009;0;0;0;0;0;0;0;0;0;31;30;31;0;0;0;0;0;0;0;0;0;2162600;3763490;5449360;0;0;0;0;0;0;0;0;0;0;0;0
8;45.9798;-71.80842;88;195;Souterrain;1;-1;21968532;Municipalite de Chesterville;Station de purification Chesterville. (aut. trai.);22131;2010;31;28;31;30;31;30;31;31;30;31;30;31;2626600;2243570;2805700;2331290;3482090;2852110;2986520;2885190;2798670;2828590;2739860;4144090;0;0;0;0;0;0;0;0;0;0;0;0
8;45.9798;-71.80842;88;195;Souterrain;1;-1;21968532;Municipalite de Chesterville;Station de purification Chesterville. (aut. trai.);22131;2011;31;28;31;30;31;30;31;31;30;31;30;31;2664000;2404000;2598000;3247000;8443000;8824000;3592000;3080000;3050000;3107000;2704000;2528000;0;0;0;0;0;0;0;0;0;0;0;0
8;45.9798;-71.80842;88;195;Souterrain;1;-1;21968532;Municipalite de Chesterville;Station de purification Chesterville. (aut. trai.);22131;2012;31;29;31;30;31;30;31;31;30;31;30;31;2880860;2280530;2526390;2465920;2860900;2934920;3012390;3263390;2845860;2732660;2326460;2498390;2880860;2280530;2526390;2465920;2860900;2934920;3012390;3263390;2845860;2732660;2326460;2498390
8;45.9798;-71.80842;88;195;Souterrain;1;-1;21968532;Municipalite de Chesterville;Station de purification Chesterville. (aut. trai.);22131;2013;31;28;31;30;31;30;31;31;30;31;30;31;2562180;2306100;2909390;3370920;3860390;3298610;3381570;3374390;3186920;3102320;2593940;2657850;2557000;2278100;2900000;3370000;3860000;3298000;3380000;3374000;3186000;3100000;2590000;2655000
8;45.9798;-71.80842;88;195;Souterrain;1;-1;21968532;Municipalite de Chesterville;Station de purification Chesterville. (aut. trai.);22131;2014;31;28;31;30;31;30;31;31;30;31;30;31;2550000;2506000;2470000;2399000;2985000;3123000;2962000;2891000;2741000;2908000;3537000;2685000;2500000;2462000;2424000;2352000;2954000;3120000;2949000;2877000;2701000;2901000;3520000;2680000
8;45.9798;-71.80842;88;195;Souterrain;1;-1;21968532;Municipalite de Chesterville;Station de purification Chesterville. (aut. trai.);22131;2015;31;28;31;30;31;30;31;31;30;31;30;31;3476000;2657000;2715000;2459000;2918000;2784000;2886000;2682000;2688000;2699000;3086000;3238000;3475000;2649000;2709000;2459000;2743000;2673000;2886000;2677000;2384000;2696000;3069000;3213000
8;45.9798;-71.80842;88;195;Souterrain;1;-1;21968532;Municipalite de Chesterville;Station de purification Chesterville. (aut. trai.);22131;2016;31;29;31;30;31;30;31;31;30;31;30;31;3286000;3054000;3212000;3338000;3885000;3930000;3773000;3643000;4068000;3566000;3407000;3463000;3257000;3040000;3168000;3284000;3867000;3689000;3770000;3639000;4065000;3543000;3387000;3459000
8;45.9798;-71.80842;88;195;Souterrain;1;-1;21968532;Municipalite de Chesterville;Station de purification Chesterville. (aut. trai.);22131;2017;31;28;31;30;31;30;31;31;30;31;30;31;3742330;3906660;4309000;4071960;3909000;4261390;4052170;4077150;4373680;3844950;2567720;2875390;3741000;3905660;4300000;4062000;3907000;4259000;3845170;4077000;4356670;3603950;2030720;2861390
8;45.9798;-71.80842;88;195;Souterrain;1;-1;21968532;Municipalite de Chesterville;Station de purification Chesterville. (aut. trai.);22131;2018;31;28;31;30;31;30;31;31;30;31;30;31;2553000;2166000;3237000;3036000;2729000;2962000;3652000;5134000;4145000;3405000;2405000;2431000;2553000;2166000;3237000;3036000;2729000;2962000;3652000;4559000;3505000;3288000;2244000;2382000
8;45.9798;-71.80842;88;195;Souterrain;1;-1;21968532;Municipalite de Chesterville;Station de purification Chesterville. (aut. trai.);22131;2019;31;28;31;30;31;30;31;31;30;31;30;31;3268000;4195000;4842430;3763000;2720000;2811000;3474000;3440000;3469000;2533000;2307000;2779000;2525000;3927000;4508000;3403000;2474000;2703000;3259000;3369000;3208000;2290000;2071000;2241000
8;45.9798;-71.80842;88;195;Souterrain;1;-1;21968532;Municipalite de Chesterville;Station de purification Chesterville. (aut. trai.);22131;2020;31;29;31;30;30;30;31;31;30;30;30;31;2516000;2291000;2429000;2451000;2973000;3102000;3702000;3038000;2524000;2610000;2492000;2650000;2297000;2090000;2174000;2233000;2759000;2821000;3307000;2722000;2334000;2358000;2185000;2355000
8;45.9798;-71.80842;88;195;Souterrain;1;-1;21968532;Municipalite de Chesterville;Station de purification Chesterville. (aut. trai.);22131;2021;31;28;31;30;31;30;31;31;30;31;30;31;2751390;2691470;2858390;3316530;3410390;3491960;3304510;3415670;3281400;3268800;2616970;2598810;2522000;2412000;2625000;3040000;3199000;3272000;3075000;3105000;3096000;3038000;2435000;2490000
8;45.9798;-71.80842;88;195;Souterrain;1;-1;21968532;Municipalite de Chesterville;Station de purification Chesterville. (aut. trai.);22131;2022;31;28;31;30;31;30;31;31;30;31;30;31;2736000;2637000;2704000;3192000;3502390;3439000;3351000;3788000;3687000;3295000;2447000;2444000;2502000;2389000;2466000;2936000;3081000;3253000;3097000;3467000;3313000;3051000;2211000;2223000
8;45.9798;-71.80842;88;195;Souterrain;1;-1;21968532;Municipalite de Chesterville;Station de purification Chesterville. (aut. trai.);22131;2023;31;28;31;30;31;30;31;31;30;30;30;31;3141390;2841100;2962410;2871960;3286500;3170130;2881860;3075390;3552390;33036390;3448930;3195940;2844390;2614000;2726500;2618000;2945500;2591000;2591000;2686500;3169500;2972500;2556000;2769000
8;45.9798;-71.80842;88;195;Souterrain;1;-1;21968532;Municipalite de Chesterville;Station de purification Chesterville. (aut. trai.);22131;2024;31;28;31;30;31;30;31;31;30;31;30;31;2764000;2900000;2792000;2666000;2923000;3189000;2969000;2926000;3126000;2642000;2415000;2561000;2532000;2680000;2566000;2414000;2705000;2920000;2716000;2403000;2562000;2353000;2118000;2240000
8;45.9798;-71.80842;88;195;Souterrain;1;-1;21968532;Municipalite de Chesterville;Station de purification Chesterville. (aut. trai.);22131;MOY;31;28;31;30;31;30;31;31;30;31;30;31;2901183;2738629;3024714;2998639;3592511;3611541;3332001;3380879;3302461;4858832;2803586;3012427;2783558;2684099;2948453;2897917;3083415;3115071;3195351;3247607;3132772;2917470;2518706;2620522
9;45.98122;-71.80724;88;195;Souterrain;1;-1;21968532;Municipalite de Chesterville;Station de purification Chesterville. (aut. trai.);22131;2009;0;0;0;0;0;0;0;0;0;31;30;31;0;0;0;0;0;0;0;0;0;18340;17750;18340;0;0;0;0;0;0;0;0;0;0;0;0
9;45.98122;-71.80724;88;195;Souterrain;1;-1;21968532;Municipalite de Chesterville;Station de purification Chesterville. (aut. trai.);22131;2010;31;28;31;30;31;30;31;31;30;31;30;31;16300;14730;16300;152110;277610;17890;52680;17610;16830;17610;17040;17610;0;0;0;0;0;0;0;0;0;0;0;0
9;45.98122;-71.80724;88;195;Souterrain;1;-1;21968532;Municipalite de Chesterville;Station de purification Chesterville. (aut. trai.);22131;2011;31;28;31;30;31;30;31;31;30;31;30;31;18000;16000;17000;16000;18000;18000;17000;17000;17000;18000;17000;79000;0;0;0;0;0;0;0;0;0;0;0;0
9;45.98122;-71.80724;88;195;Souterrain;1;-1;21968532;Municipalite de Chesterville;Station de purification Chesterville. (aut. trai.);22131;2012;31;29;31;30;31;30;31;31;30;31;30;31;17040;16470;17610;16080;36100;16080;16610;16610;16140;16340;15540;16610;17040;16470;17610;16080;36100;16080;16610;16610;16140;16340;15540;16610
9;45.98122;-71.80724;88;195;Souterrain;1;-1;21968532;Municipalite de Chesterville;Station de purification Chesterville. (aut. trai.);22131;2013;31;28;31;30;31;30;31;31;30;31;30;31;17820;15900;17610;16080;16610;41390;21430;16610;16080;16680;42060;17150;17000;15000;17000;16000;16000;41000;21000;16000;16000;16000;42000;17000
9;45.98122;-71.80724;88;195;Souterrain;1;-1;21968532;Municipalite de Chesterville;Station de purification Chesterville. (aut. trai.);22131;2014;31;28;31;30;31;30;31;31;30;31;30;30;19950;43670;17610;15540;17150;16080;16610;16610;20630;16610;30280;33090;19000;43000;17000;15000;17000;16000;16000;16000;20000;16000;30000;33000
9;45.98122;-71.80724;88;195;Souterrain;1;-1;21968532;Municipalite de Chesterville;Station de purification Chesterville. (aut. trai.);22131;2015;31;28;31;30;31;30;31;31;30;31;30;31;17600;15900;17040;16080;17040;16470;17610;17610;136500;66800;17040;17600;17000;15000;17000;16000;17000;16000;17000;17000;136000;66000;17000;17000
9;45.98122;-71.80724;88;195;Souterrain;1;-1;21968532;Municipalite de Chesterville;Station de purification Chesterville. (aut. trai.);22131;2016;31;29;31;30;31;30;31;31;30;31;30;31;18030;16470;17610;15900;17040;17040;21800;17610;17040;78530;17040;17040;18000;16000;17000;15000;17000;17000;21000;17000;17000;78000;17000;17000
9;45.98122;-71.80724;88;195;Souterrain;1;-1;21968532;Municipalite de Chesterville;Station de purification Chesterville. (aut. trai.);22131;2017;31;28;31;30;31;30;31;31;30;31;30;31;89670;15340;17610;17040;17610;17610;418830;24850;76330;216050;817280;17610;89000;15000;17000;17000;17000;17000;418000;24000;76000;216000;817000;17000
9;45.98122;-71.80724;88;195;Souterrain;1;-1;21968532;Municipalite de Chesterville;Station de purification Chesterville. (aut. trai.);22131;2018;31;28;31;30;31;30;31;31;30;31;30;31;17000;15900;18960;16470;25060;17040;17610;75400;990;1560;11000;3760;17000;15900;18960;16470;25060;17040;17610;75040;990;1560;11000;3760
9;45.98122;-71.80724;88;195;Souterrain;1;-1;21968532;Municipalite de Chesterville;Station de purification Chesterville. (aut. trai.);22131;2019;31;28;31;30;31;30;31;31;30;31;30;31;170970;82930;24570;17040;17610;17040;57010;63400;15980;45940;35360;17610;170000;82000;24000;17040;17000;17000;57000;63000;15000;45000;35000;17000
9;45.98122;-71.80724;88;195;Souterrain;1;-1;21968532;Municipalite de Chesterville;Station de purification Chesterville. (aut. trai.);22131;2020;31;29;31;30;30;30;31;31;30;30;30;31;17610;16470;17610;17040;17040;17040;29320;23530;17040;17610;39970;17610;17000;16000;17000;17000;17000;17000;29000;23000;17000;17000;39000;17000
9;45.98122;-71.80724;88;195;Souterrain;1;-1;21968532;Municipalite de Chesterville;Station de purification Chesterville. (aut. trai.);22131;2021;31;28;31;30;31;30;31;31;30;31;30;31;17610;30530;17610;16470;17610;17040;37490;39330;18600;14200;42030;253190;17000;30000;17000;16000;17000;17000;37000;39000;18000;14000;42000;253000
9;45.98122;-71.80724;88;195;Souterrain;1;-1;21968532;Municipalite de Chesterville;Station de purification Chesterville. (aut. trai.);22131;2022;31;28;31;30;31;30;31;31;30;31;30;31;67950;16330;17320;17040;17610;19100;20950;32160;15970;17320;24140;17610;67000;16000;17000;17000;17000;19000;20000;32000;15000;17000;24000;17000
9;45.98122;-71.80724;88;195;Souterrain;1;-1;21968532;Municipalite de Chesterville;Station de purification Chesterville. (aut. trai.);22131;2023;31;28;31;30;31;30;31;31;30;31;30;31;17610;15900;20590;17040;17610;116370;24140;17610;17610;17610;131070;25060;17600;15800;20500;17000;17500;116000;24000;17500;17500;17500;130000;25000
9;45.98122;-71.80724;88;195;Souterrain;1;-1;21968532;Municipalite de Chesterville;Station de purification Chesterville. (aut. trai.);22131;2024;31;28;31;30;31;30;31;31;30;31;30;31;17610;16470;17610;17600;17610;21940;17100;31240;140080;17040;58570;17610;17000;16000;17000;17000;17000;21000;17000;31000;140000;17000;58000;17000
9;45.98122;-71.80724;88;195;Souterrain;1;-1;21968532;Municipalite de Chesterville;Station de purification Chesterville. (aut. trai.);22131;MOY;31;28;31;30;31;30;31;31;30;31;30;31;36051;23267;18177;25569;36487;25742;52413;28479;36188;37265;83323;36656;38434;24013;18005;16353;19051;26702;54709;29781;38818;41338;98272;35952
10;46.08894;-72.20651;7;14;Souterrain;1;-1;25417213;BETON 34 INC.;Beton 34 inc.;327320;2024;16;20;21;21;22;19;22;22;20;22;21;15;3394;56129;376926;451478;413528;509986;541108;565635;446802;528535;445077;178976;0;0;0;0;0;0;0;0;0;0;0;0
10;46.08894;-72.20651;7;14;Souterrain;1;-1;25417213;BETON 34 INC.;Beton 34 inc.;327320;MOY;16;20;21;21;22;19;22;22;20;22;21;15;3394;56129;376926;451478;413528;509986;541108;565635;446802;528535;445077;178976;0;0;0;0;0;0;0;0;0;0;0;0
11;46.06684;-71.97353;23;48;Surface;1;-1;31543283;VILLE DE VICTORIAVILLE;Station de purification Victoriaville (sta.pur.);22131;2009;31;28;31;30;31;30;31;31;30;31;30;31;285069000;254144000;282484000;294625000;375680000;368811000;302575000;351578000;365500000;350798000;386881000;301880000;0;0;0;0;0;0;0;0;0;0;0;0
11;46.06684;-71.97353;23;48;Surface;1;-1;31543283;VILLE DE VICTORIAVILLE;Station de purification Victoriaville (sta.pur.);22131;2010;31;28;31;30;31;30;31;31;30;31;30;31;337586000;269501000;290383000;318466000;455683000;374659000;420915000;428109000;416561000;332843000;304636000;324203000;0;0;0;0;0;0;0;0;0;0;0;0
11;46.06684;-71.97353;23;48;Surface;1;-1;31543283;VILLE DE VICTORIAVILLE;Station de purification Victoriaville (sta.pur.);22131;2011;31;28;31;30;31;30;31;31;30;31;30;31;344167000;395702000;383250000;344003000;371531000;390727000;394138000;366379000;370614000;302194000;267829000;289727000;0;0;0;0;0;0;0;0;0;0;0;0
11;46.06684;-71.97353;23;48;Surface;1;-1;31543283;VILLE DE VICTORIAVILLE;Station de purification Victoriaville (sta.pur.);22131;2012;31;29;31;30;31;30;31;31;30;31;30;31;294706000;281864000;293004000;294535000;363225000;374986000;384105000;390685000;364002000;300413000;300193000;314100000;294706000;281864000;293004000;294535000;363225000;374986000;384105000;390685000;364002000;300413000;300193000;314000000
11;46.06684;-71.97353;23;48;Surface;1;-1;31543283;VILLE DE VICTORIAVILLE;Station de purification Victoriaville (sta.pur.);22131;2013;31;28;31;30;31;30;31;31;30;31;30;31;299611000;261727000;288433000;302715000;458165000;344507000;393731000;340642000;311447000;325830000;291649000;287629000;0;0;0;0;0;0;0;0;0;0;0;0
11;46.06684;-71.97353;23;48;Surface;1;-1;31543283;VILLE DE VICTORIAVILLE;Station de purification Victoriaville (sta.pur.);22131;2014;31;28;31;30;31;30;31;31;30;31;30;31;284130000;266894000;309518000;291030000;341865000;368863000;396224000;357687000;314573000;291738000;250101000;248820000;0;0;0;0;0;0;0;0;0;0;0;0
11;46.06684;-71.97353;23;48;Surface;1;-1;31543283;VILLE DE VICTORIAVILLE;Station de purification Victoriaville (sta.pur.);22131;2015;31;28;31;30;31;30;31;31;30;31;30;31;267831000;250412000;289609000;266131000;339923000;320899000;331481000;349569000;339422000;283932000;244849000;242522000;0;0;0;0;0;0;0;0;0;0;0;0
11;46.06684;-71.97353;23;48;Surface;1;-1;31543283;VILLE DE VICTORIAVILLE;Station de purification Victoriaville (sta.pur.);22131;2016;31;29;31;30;31;30;31;31;30;31;30;31;237525000;216193000;219245000;230292000;341823000;321506000;304988000;336899000;305123000;288715000;210756000;258838000;35628750;32428950;32886750;34543800;51273450;48225900;45748200;50534850;45768450;43307250;31613400;38825700
11;46.06684;-71.97353;23;48;Surface;1;-1;31543283;VILLE DE VICTORIAVILLE;Station de purification Victoriaville (sta.pur.);22131;2017;31;28;31;30;31;30;31;31;30;31;30;31;271707000;243958000;263112000;266341000;358816000;399713000;380939000;399971000;383757000;326611000;298637000;320535000;40756050;36593700;39466800;39951150;53822400;59956950;57140850;59995650;57563550;48991650;44795550;48080250
11;46.06684;-71.97353;23;48;Surface;1;-1;31543283;VILLE DE VICTORIAVILLE;Station de purification Victoriaville (sta.pur.);22131;2018;31;28;31;30;31;30;31;31;30;31;30;31;298903000;251494000;276999000;288220000;378996000;384903000;437631000;423690000;351254000;306196000;284895000;282227000;44835450;37724100;41549850;43233000;56849400;57735450;65644650;63553500;52688100;45929400;42734250;42334050
11;46.06684;-71.97353;23;48;Surface;1;-1;31543283;VILLE DE VICTORIAVILLE;Station de purification Victoriaville (sta.pur.);22131;2019;31;28;31;30;31;30;31;31;30;31;30;31;311630000;314850000;363626000;335131000;426978000;475096000;596260000;504122000;414324000;387390000;302751000;325156000;46744500;47227500;54543900;50269650;64046700;71264400;89439000;75618300;62148600;58108500;45412650;48773400
11;46.06684;-71.97353;23;48;Surface;1;-1;31543283;VILLE DE VICTORIAVILLE;Station de purification Victoriaville (sta.pur.);22131;2020;31;29;31;30;31;30;31;31;30;31;30;31;368177000;358230000;365113000;312976000;500804000;461978000;396341000;335180000;309739000;282583000;251412000;263370000;55226550;53734500;54766950;46946400;75120600;69296700;59451150;50277000;46460850;42387450;37711800;39505500
11;46.06684;-71.97353;23;48;Surface;1;-1;31543283;VILLE DE VICTORIAVILLE;Station de purification Victoriaville (sta.pur.);22131;2021;31;28;31;30;31;30;31;31;30;31;30;31;259088000;241568000;277410000;295983000;442203000;441102000;393378000;469296000;338786000;320978000;276956000;271254000;38863200;36235200;41611500;44397450;66330450;66165300;59006700;70394400;50817900;48146700;41543400;40688100
11;46.06684;-71.97353;23;48;Surface;1;-1;31543283;VILLE DE VICTORIAVILLE;Station de purification Victoriaville (sta.pur.);22131;2022;31;28;31;30;31;30;31;31;30;31;30;31;279120000;261873000;333122000;296995000;486779000;386689000;390748000;338357000;323572000;300439000;283371000;280002000;41868000;39280950;49968300;44549250;73016850;58003350;58612200;50753550;48535800;45065850;42505650;42000300
11;46.06684;-71.97353;23;48;Surface;1;-1;31543283;VILLE DE VICTORIAVILLE;Station de purification Victoriaville (sta.pur.);22131;2023;31;28;31;30;30;30;31;31;30;31;30;31;245936000;228940000;263434000;268133000;355530000;350172000;340192000;306996000;308843000;285598000;277694000;250081000;36890400;34341000;39515100;40219950;53329500;52525800;51028800;46049400;46326450;42839700;41654100;37512150
11;46.06684;-71.97353;23;48;Surface;1;-1;31543283;VILLE DE VICTORIAVILLE;Station de purification Victoriaville (sta.pur.);22131;2024;31;29;31;30;31;30;31;31;30;31;30;31;323515000;338108000;288705000;300487000;358841000;389857000;420337000;369952000;383552000;337119000;278753000;288559000;48527250;50716200;43305750;45073050;53826150;58478550;63050550;55492800;57532800;50567850;41812950;43283850
11;46.06684;-71.97353;23;48;Surface;1;-1;31543283;VILLE DE VICTORIAVILLE;Station de purification Victoriaville (sta.pur.);22131;MOY;31;28;31;30;31;30;31;31;30;31;30;31;294293812;277216125;299215438;294128938;397302625;384654250;392748938;379319500;350066812;313961062;281960188;284306438;68404615;65014610;69061890;68371870;91084050;91663840;93322710;91335445;83184450;72575735;66997675;69500330
12;46.03444;-71.92506;84;184;Souterrain;1;-1;31543283;VILLE DE VICTORIAVILLE;Station de purification Victoriaville puits (post.chl.);22131;2009;31;28;31;30;31;30;31;31;30;31;30;31;308961000;280606000;314023000;303910000;311403000;300459000;293585000;340800000;321647000;263668000;213982000;291741000;0;0;0;0;0;0;0;0;0;0;0;0
12;46.03444;-71.92506;84;184;Souterrain;1;-1;31543283;VILLE DE VICTORIAVILLE;Station de purification Victoriaville puits (post.chl.);22131;2010;31;28;31;30;31;30;31;31;30;31;30;31;309345000;265175000;299894000;289035000;301175000;288645000;323064000;312987000;293630000;297181000;289905000;300933000;0;0;0;0;0;0;0;0;0;0;0;0
12;46.03444;-71.92506;84;184;Souterrain;1;-1;31543283;VILLE DE VICTORIAVILLE;Station de purification Victoriaville puits (post.chl.);22131;2011;31;28;31;30;31;30;31;31;30;31;30;31;296450000;202814000;219640000;212210000;280380000;289675000;304156000;299558000;229078000;262461000;264047000;266918000;0;0;0;0;0;0;0;0;0;0;0;0
12;46.03444;-71.92506;84;184;Souterrain;1;-1;31543283;VILLE DE VICTORIAVILLE;Station de purification Victoriaville puits (post.chl.);22131;2012;31;29;31;30;31;30;31;31;30;31;30;31;277697000;254870000;271189000;257226000;299196000;293580000;309331000;307789000;274230000;283833000;263259000;258321000;277697000;254870000;271189000;257226000;299196000;293580000;309331000;307789000;274230000;283833000;263259000;258321000
12;46.03444;-71.92506;84;184;Souterrain;1;-1;31543283;VILLE DE VICTORIAVILLE;Station de purification Victoriaville puits (post.chl.);22131;2013;31;28;31;30;31;30;31;31;30;31;30;31;274459000;255992000;274362000;278457000;295011000;302411000;321761000;307117000;300559000;295673000;280702000;292839000;0;0;0;0;0;0;0;0;0;0;0;0
12;46.03444;-71.92506;84;184;Souterrain;1;-1;31543283;VILLE DE VICTORIAVILLE;Station de purification Victoriaville puits (post.chl.);22131;2014;31;28;31;30;31;30;31;31;30;31;30;31;300046000;273976000;296549000;291550000;310317000;312004000;324163000;309708000;292995000;295614000;300406000;313304000;0;0;0;0;0;0;0;0;0;0;0;0
12;46.03444;-71.92506;84;184;Souterrain;1;-1;31543283;VILLE DE VICTORIAVILLE;Station de purification Victoriaville puits (post.chl.);22131;2015;31;28;31;30;31;30;31;31;30;31;30;31;321462000;299599000;332733000;316386000;325141000;308166000;316435000;305492000;310631000;304444000;296011000;295545000;0;0;0;0;0;0;0;0;0;0;0;0
12;46.03444;-71.92506;84;184;Souterrain;1;-1;31543283;VILLE DE VICTORIAVILLE;Station de purification Victoriaville puits (post.chl.);22131;2016;31;29;31;30;31;30;31;31;30;31;30;31;312233000;289202000;304060000;291106000;293184000;304713000;317670000;332665000;317429000;305948000;305326000;312761000;46834950;43380300;45609000;43665900;43977600;45706950;47650500;49899750;47614350;45892200;45798900;46914150
12;46.03444;-71.92506;84;184;Souterrain;1;-1;31543283;VILLE DE VICTORIAVILLE;Station de purification Victoriaville puits (post.chl.);22131;2017;31;28;31;30;31;30;31;31;30;31;30;31;330154000;293623000;305962000;312159000;319736000;305440000;318790000;316416000;305567000;314381000;320289000;304694000;49523100;44043450;45894300;46823850;47960400;45816000;47818500;47462400;45835050;47157150;48043350;45704100
12;46.03444;-71.92506;84;184;Souterrain;1;-1;31543283;VILLE DE VICTORIAVILLE;Station de purification Victoriaville puits (post.chl.);22131;2018;31;28;31;30;31;30;31;31;30;31;30;31;316572000;299618000;303821000;301094000;322400000;302201000;321640000;319011000;303530000;309403000;301048000;304920000;47485800;44942700;45573150;45164100;48360000;45330150;48246000;47851650;45529500;46410450;45157200;45738000
12;46.03444;-71.92506;84;184;Souterrain;1;-1;31543283;VILLE DE VICTORIAVILLE;Station de purification Victoriaville puits (post.chl.);22131;2019;31;28;31;30;31;30;31;31;30;31;30;31;317741000;274453000;294841000;315253000;324322000;310017000;316734000;314147000;299170000;289573000;310888000;314408000;47661150;41167950;44226150;47287950;48648300;46502550;47510100;47122050;44875500;43435950;46633200;47161200
12;46.03444;-71.92506;84;184;Souterrain;1;-1;31543283;VILLE DE VICTORIAVILLE;Station de purification Victoriaville puits (post.chl.);22131;2020;31;29;31;30;31;30;31;31;30;31;30;31;307711000;266267000;309884000;308716000;294973000;295160000;299906000;278759000;296647000;289718000;281379000;269358000;46156650;39940050;46482600;46307400;44245950;44274000;44985900;41813850;44497050;43457700;42206850;40403700
12;46.03444;-71.92506;84;184;Souterrain;1;-1;31543283;VILLE DE VICTORIAVILLE;Station de purification Victoriaville puits (post.chl.);22131;2021;31;28;31;30;31;30;31;31;30;31;30;31;271672000;237681000;272430000;280256000;302115000;297934000;313890000;323886000;307282000;293672000;280440000;288755000;40750800;35652150;40864500;42038400;45317250;44690100;47083500;48582900;46092300;44050800;42066000;43313250
12;46.03444;-71.92506;84;184;Souterrain;1;-1;31543283;VILLE DE VICTORIAVILLE;Station de purification Victoriaville puits (post.chl.);22131;2022;31;28;31;30;31;30;31;31;30;31;30;31;289293000;270435000;252653000;256810000;196100000;256684000;291506000;313571000;299218000;280471000;269811000;273581000;43393950;40565250;37897950;38521500;29415000;38502600;43725900;47035650;44882700;42070650;40471650;41037150
12;46.03444;-71.92506;84;184;Souterrain;1;-1;31543283;VILLE DE VICTORIAVILLE;Station de purification Victoriaville puits (post.chl.);22131;2023;31;28;31;30;31;30;31;31;30;31;30;31;282402000;255413000;282062000;296591000;307232000;293524000;319768000;324544000;315842000;317382000;309038000;311060000;42360300;38311950;42309300;44488650;46084800;44028600;47965200;48681600;47376300;47607300;46355700;46659000
12;46.03444;-71.92506;84;184;Souterrain;1;-1;31543283;VILLE DE VICTORIAVILLE;Station de purification Victoriaville puits (post.chl.);22131;2024;31;29;31;30;31;30;31;31;30;31;30;31;311323000;267697000;277537000;272439000;315327000;302772000;320732000;322197000;309519000;299054000;279854000;282617000;46698450;40154550;41630550;40865850;47299050;45415800;48109800;48329550;46427850;44858100;41978100;42392550
12;46.03444;-71.92506;84;184;Souterrain;1;-1;31543283;VILLE DE VICTORIAVILLE;Station de purification Victoriaville puits (post.chl.);22131;MOY;31;28;31;30;31;30;31;31;30;31;30;31;301720062;267963812;288227500;286449875;299875750;297711562;313320688;314290438;298560875;293904750;285399062;292609688;68856215;62302835;66167650;65238960;70050435;69384675;73242640;73456840;68736060;68877330;66196995;65764410
13;46.03385;-71.92182;84;185;Souterrain;1;-1;31543283;VILLE DE VICTORIAVILLE;Station de purification Arthabaska (post. chl.);22131;2009;31;28;31;30;31;30;31;31;30;31;30;31;126406000;112936000;125942000;114484000;113444000;115804000;122052000;118626000;91129000;120270000;97855000;112454000;0;0;0;0;0;0;0;0;0;0;0;0
13;46.03385;-71.92182;84;185;Souterrain;1;-1;31543283;VILLE DE VICTORIAVILLE;Station de purification Arthabaska (post. chl.);22131;2010;31;28;31;30;31;30;31;31;30;31;30;31;104885000;110715000;119971000;103891000;114064000;115098000;120962000;81139000;68562000;120007000;109613000;122405000;0;0;0;0;0;0;0;0;0;0;0;0
13;46.03385;-71.92182;84;185;Souterrain;1;-1;31543283;VILLE DE VICTORIAVILLE;Station de purification Arthabaska (post. chl.);22131;2011;31;28;31;30;31;30;31;31;30;31;30;31;119899000;109348000;114265000;107976000;116373000;112652000;116303000;115777000;112202000;115192000;105008000;112323000;0;0;0;0;0;0;0;0;0;0;0;0
13;46.03385;-71.92182;84;185;Souterrain;1;-1;31543283;VILLE DE VICTORIAVILLE;Station de purification Arthabaska (post. chl.);22131;2012;31;29;31;30;31;30;31;31;30;31;30;31;117374000;106602000;113265000;103508000;110387000;106112000;109164000;107150000;98869000;107749000;96365000;103171000;117374000;106602000;113265000;103508000;110387000;106112000;109164000;107150000;98869000;107749000;96365000;103171000
13;46.03385;-71.92182;84;185;Souterrain;1;-1;31543283;VILLE DE VICTORIAVILLE;Station de purification Arthabaska (post. chl.);22131;2013;31;28;31;30;31;30;31;31;30;31;30;31;106751000;96549000;105549000;100508000;96694000;99032000;101542000;101018000;99330000;100218000;97521000;100451000;0;0;0;0;0;0;0;0;0;0;0;0
13;46.03385;-71.92182;84;185;Souterrain;1;-1;31543283;VILLE DE VICTORIAVILLE;Station de purification Arthabaska (post. chl.);22131;2014;31;28;31;30;31;30;31;31;30;31;30;31;104934000;92933000;101088000;99947000;101274000;96533000;99731000;97997000;95613000;98749000;86986000;103379000;0;0;0;0;0;0;0;0;0;0;0;0
13;46.03385;-71.92182;84;185;Souterrain;1;-1;31543283;VILLE DE VICTORIAVILLE;Station de purification Arthabaska (post. chl.);22131;2015;31;28;31;30;31;30;31;31;30;31;30;31;106233000;94830000;103627000;100658000;97951000;96308000;98129000;99363000;95182000;97088000;93272000;96633000;0;0;0;0;0;0;0;0;0;0;0;0
13;46.03385;-71.92182;84;185;Souterrain;1;-1;31543283;VILLE DE VICTORIAVILLE;Station de purification Arthabaska (post. chl.);22131;2016;31;29;31;30;31;30;31;31;30;31;30;31;100783000;94033000;95503000;90931000;91117000;91184000;94843000;96757000;92233000;95578000;93225000;97558000;15117450;14104950;14325450;13639650;13667550;13677600;14226450;14513550;13834950;14336700;13983750;14633700
13;46.03385;-71.92182;84;185;Souterrain;1;-1;31543283;VILLE DE VICTORIAVILLE;Station de purification Arthabaska (post. chl.);22131;2017;31;28;31;30;31;30;31;31;30;31;30;31;100685000;89885000;97156000;93031000;87287000;87570000;84524000;71741000;69462000;65696000;67727000;71302000;15102750;13482750;14573400;13954650;13093050;13135500;12678600;10761150;10419300;9854400;10159050;10695300
13;46.03385;-71.92182;84;185;Souterrain;1;-1;31543283;VILLE DE VICTORIAVILLE;Station de purification Arthabaska (post. chl.);22131;2018;31;28;31;30;31;30;31;31;30;31;30;31;78777000;83298000;78030000;54512000;75627000;78031000;80073000;78001000;71457000;73629000;72354000;75136000;11816550;12494700;11704500;8176800;11344050;11704650;12010950;11700150;10718550;11044350;10853100;11270400
13;46.03385;-71.92182;84;185;Souterrain;1;-1;31543283;VILLE DE VICTORIAVILLE;Station de purification Arthabaska (post. chl.);22131;2019;31;28;31;30;31;30;31;31;30;31;30;31;76410000;67092000;69048000;72826000;72888000;70366000;70841000;72216000;69390000;69339000;74320000;74443000;11461500;10063800;10357200;10923900;10933200;10554900;10626150;10832400;10408500;10400850;11148000;11166450
13;46.03385;-71.92182;84;185;Souterrain;1;-1;31543283;VILLE DE VICTORIAVILLE;Station de purification Arthabaska (post. chl.);22131;2020;31;29;31;30;31;30;31;31;30;31;30;31;73330000;65141000;68942000;66493000;78942000;100948000;105313000;106260000;101849000;106633000;102405000;106285000;10999500;9771150;10341300;9973950;11841300;15142200;15796950;15939000;15277350;15994950;15360750;15942750
13;46.03385;-71.92182;84;185;Souterrain;1;-1;31543283;VILLE DE VICTORIAVILLE;Station de purification Arthabaska (post. chl.);22131;2021;31;28;31;30;31;30;31;31;30;31;30;31;105244000;91642000;104167000;98517000;102400000;98411000;102618000;101580000;97797000;99957000;96290000;105805000;15786600;13746300;15625050;14777550;15360000;14761650;15392700;15237000;14669550;14993550;14443500;15870750
13;46.03385;-71.92182;84;185;Souterrain;1;-1;31543283;VILLE DE VICTORIAVILLE;Station de purification Arthabaska (post. chl.);22131;2022;31;28;31;30;31;30;31;31;30;31;30;31;100836000;94167000;108061000;99045000;106076000;100891000;99081000;99697000;93902000;97812000;96238000;100867000;15125400;14125050;16209150;14856750;15911400;15133650;14862150;14954550;14085300;14671800;14435700;15130050
13;46.03385;-71.92182;84;185;Souterrain;1;-1;31543283;VILLE DE VICTORIAVILLE;Station de purification Arthabaska (post. chl.);22131;2023;31;28;31;30;31;30;31;31;30;31;30;31;99822000;89915000;97063000;98623000;98563000;93656000;100837000;101647000;94758000;89136000;78443000;78847000;14973300;13487250;14559450;14793450;14784450;14048400;15125550;15247050;14213700;13370400;11766450;11827050
13;46.03385;-71.92182;84;185;Souterrain;1;-1;31543283;VILLE DE VICTORIAVILLE;Station de purification Arthabaska (post. chl.);22131;2024;31;29;31;30;31;30;31;31;30;31;30;31;78221000;69429000;116480000;119557000;120070000;116582000;115095000;113229000;117373000;122819000;112664000;117013000;11733150;10414350;17472000;17933550;18010500;17487300;17264250;16984350;17605950;18422850;16899600;17551950
13;46.03385;-71.92182;84;185;Souterrain;1;-1;31543283;VILLE DE VICTORIAVILLE;Station de purification Arthabaska (post. chl.);22131;MOY;31;28;31;30;31;30;31;31;30;31;30;31;100036875;91782188;101134812;95281688;98947312;98698625;101319250;97637375;91819250;98742000;92517875;98629500;23949020;21829230;23843250;22253825;23533250;23175785;23714775;23331920;22010215;23083885;21541490;22725940
14;46.11436;-71.92408;28;59;Souterrain;1;-1;31543283;VILLE DE VICTORIAVILLE;Systeme d'approvisionnement sans traitement Victoriaville Aeroport (APP);22131;2010;0;0;0;0;0;0;0;0;0;22;30;31;0;0;0;0;0;0;0;0;0;14000;18000;19000;0;0;0;0;0;0;0;0;0;0;0;0
14;46.11436;-71.92408;28;59;Souterrain;1;-1;31543283;VILLE DE VICTORIAVILLE;Systeme d'approvisionnement sans traitement Victoriaville Aeroport (APP);22131;2011;31;28;31;30;31;30;31;31;30;31;30;31;30000;30000;30000;30000;30000;30000;30000;30000;30000;30000;30000;30000;0;0;0;0;0;0;0;0;0;0;0;0
14;46.11436;-71.92408;28;59;Souterrain;1;-1;31543283;VILLE DE VICTORIAVILLE;Systeme d'approvisionnement sans traitement Victoriaville Aeroport (APP);22131;2012;31;29;31;30;31;30;31;31;30;31;30;31;37000;37000;37000;37000;37000;37000;69000;69000;69000;69000;69000;69000;0;0;0;0;0;0;0;0;0;0;0;0
14;46.11436;-71.92408;28;59;Souterrain;1;-1;31543283;VILLE DE VICTORIAVILLE;Systeme d'approvisionnement sans traitement Victoriaville Aeroport (APP);22131;2013;31;28;31;30;31;30;31;31;30;31;30;31;32600;32600;32600;32600;32600;32600;43500;43500;43500;43500;43500;43500;0;0;0;0;0;0;0;0;0;0;0;0
14;46.11436;-71.92408;28;59;Souterrain;1;-1;31543283;VILLE DE VICTORIAVILLE;Systeme d'approvisionnement sans traitement Victoriaville Aeroport (APP);22131;2014;31;28;31;30;31;30;31;31;30;31;30;31;36000;36000;36000;36000;36000;36000;42000;42000;42000;42000;42000;42000;0;0;0;0;0;0;0;0;0;0;0;0
14;46.11436;-71.92408;28;59;Souterrain;1;-1;31543283;VILLE DE VICTORIAVILLE;Systeme d'approvisionnement sans traitement Victoriaville Aeroport (APP);22131;2015;31;28;31;30;31;30;31;31;30;31;30;31;35500;35500;35500;35500;35500;35500;31500;31500;31500;31500;31500;31500;0;0;0;0;0;0;0;0;0;0;0;0
14;46.11436;-71.92408;28;59;Souterrain;1;-1;31543283;VILLE DE VICTORIAVILLE;Systeme d'approvisionnement sans traitement Victoriaville Aeroport (APP);22131;2016;31;29;31;30;31;30;31;31;30;31;30;31;27000;27000;27000;27000;27000;27000;18000;18000;18000;18000;18000;18000;0;0;0;0;0;0;0;0;0;0;0;0
14;46.11436;-71.92408;28;59;Souterrain;1;-1;31543283;VILLE DE VICTORIAVILLE;Systeme d'approvisionnement sans traitement Victoriaville Aeroport (APP);22131;2017;31;28;31;30;31;30;31;31;30;31;30;31;53000;16000;8000;8000;46000;33000;53000;66000;71000;24000;21000;7000;0;0;0;0;0;0;0;0;0;0;0;0
14;46.11436;-71.92408;28;59;Souterrain;1;-1;31543283;VILLE DE VICTORIAVILLE;Systeme d'approvisionnement sans traitement Victoriaville Aeroport (APP);22131;2018;31;28;31;30;31;30;31;31;30;31;30;31;8000;12000;5000;10000;30000;23000;27000;26000;21000;21000;8000;16000;0;0;0;0;0;0;0;0;0;0;0;0
14;46.11436;-71.92408;28;59;Souterrain;1;-1;31543283;VILLE DE VICTORIAVILLE;Systeme d'approvisionnement sans traitement Victoriaville Aeroport (APP);22131;2019;31;28;31;30;31;30;31;31;30;31;30;31;11000;9000;5000;13000;15000;18000;32000;18000;21000;17000;9000;6000;0;0;0;0;0;0;0;0;0;0;0;0
14;46.11436;-71.92408;28;59;Souterrain;1;-1;31543283;VILLE DE VICTORIAVILLE;Systeme d'approvisionnement sans traitement Victoriaville Aeroport (APP);22131;2020;31;29;31;30;31;30;31;31;30;31;30;31;15000;14000;15000;15000;15000;15000;15000;15000;15000;15000;15000;15000;0;0;0;0;0;0;0;0;0;0;0;0
14;46.11436;-71.92408;28;59;Souterrain;1;-1;31543283;VILLE DE VICTORIAVILLE;Systeme d'approvisionnement sans traitement Victoriaville Aeroport (APP);22131;2021;31;28;31;30;31;30;31;31;30;31;30;31;3000;3000;2000;5000;6000;13000;12000;12000;7000;3000;4000;2000;0;0;0;0;0;0;0;0;0;0;0;0
14;46.11436;-71.92408;28;59;Souterrain;1;-1;31543283;VILLE DE VICTORIAVILLE;Systeme d'approvisionnement sans traitement Victoriaville Aeroport (APP);22131;2022;31;28;28;30;31;30;31;31;30;31;30;31;2000;3000;1000;6000;15000;5000;18000;10000;10000;6000;7000;2000;0;0;0;0;0;0;0;0;0;0;0;0
14;46.11436;-71.92408;28;59;Souterrain;1;-1;31543283;VILLE DE VICTORIAVILLE;Systeme d'approvisionnement sans traitement Victoriaville Aeroport (APP);22131;2023;31;28;31;30;31;30;31;31;30;31;30;31;34000;34000;34000;34000;34000;34000;29000;29000;29000;29000;29000;29000;0;0;0;0;0;0;0;0;0;0;0;0
14;46.11436;-71.92408;28;59;Souterrain;1;-1;31543283;VILLE DE VICTORIAVILLE;Systeme d'approvisionnement sans traitement Victoriaville Aeroport (APP);22131;2024;31;29;31;30;31;30;31;31;30;31;30;31;18500;18500;18500;18500;18500;18500;16000;16000;16000;16000;16000;16000;0;0;0;0;0;0;0;0;0;0;0;0
14;46.11436;-71.92408;28;59;Souterrain;1;-1;31543283;VILLE DE VICTORIAVILLE;Systeme d'approvisionnement sans traitement Victoriaville Aeroport (APP);22131;MOY;31;28;31;30;31;30;31;31;30;30;30;31;24471;21971;20471;21971;26971;25543;31143;30429;30286;25267;24067;23067;0;0;0;0;0;0;0;0;0;0;0;0
15;46.14526;-71.84559;38;79;Souterrain;1;-1;Y2007926;Ville de Princeville;Installation de production de Princeville;22131;2009;31;28;31;30;31;30;31;31;30;31;30;31;113452000;98607000;115318000;112347000;108709000;106985000;100625000;113292000;111669000;102647000;96795000;106752000;0;0;0;0;0;0;0;0;0;0;0;0
15;46.14526;-71.84559;38;79;Souterrain;1;-1;Y2007926;Ville de Princeville;Installation de production de Princeville;22131;2010;31;28;31;30;31;30;31;31;30;31;30;31;102498000;91312000;101625000;102233000;104502000;113392000;113237000;115369000;114732000;111658000;100516000;99331000;0;0;0;0;0;0;0;0;0;0;0;0
15;46.14526;-71.84559;38;79;Souterrain;1;-1;Y2007926;Ville de Princeville;Installation de production de Princeville;22131;2011;31;28;31;30;31;30;31;31;30;31;30;31;108956000;101768000;104220000;109721000;117409000;108905000;98586000;108661000;103305000;101299000;115392000;93155000;0;0;0;0;0;0;0;0;0;0;0;0
15;46.14526;-71.84559;38;79;Souterrain;1;-1;Y2007926;Ville de Princeville;Installation de production de Princeville;22131;2012;31;29;31;30;31;30;31;31;30;31;30;31;113152000;100388000;93093000;96913000;98706000;79279000;79918000;91736000;89998000;85445000;77270000;90463000;111338000;98535000;93093000;95024000;98706000;77326000;79918000;88511000;88111000;83485000;75936000;88986000
15;46.14526;-71.84559;38;79;Souterrain;1;-1;Y2007926;Ville de Princeville;Installation de production de Princeville;22131;2013;31;28;31;30;31;30;31;31;30;31;30;31;82801000;78400000;78339000;76470000;91977000;87360000;87203000;79213000;85620000;82398000;91657000;77345000;82801000;76000000;78339000;74561000;91977000;85812000;85976000;79213000;85620000;82398000;91657000;75512000
15;46.14526;-71.84559;38;79;Souterrain;1;-1;Y2007926;Ville de Princeville;Installation de production de Princeville;22131;2014;31;28;31;30;31;30;31;31;30;31;30;31;79809000;75752000;80935000;81822000;93184000;86132000;90559000;89495000;83312000;81566000;76052000;74577000;79809000;75752000;80935000;81822000;93184000;86132000;90559000;89495000;83312000;81566000;76052000;74577000
15;46.14526;-71.84559;38;79;Souterrain;1;-1;Y2007926;Ville de Princeville;Installation de production de Princeville;22131;2015;31;28;31;30;31;30;31;31;30;31;30;31;81978000;76876000;86143000;84178000;92770000;83386000;89759000;88588000;85496000;85687000;83267000;81945000;81978000;76876000;86143000;84178000;92770000;83386000;89759000;88588000;85496000;85687000;83267000;81945000
15;46.14526;-71.84559;38;79;Souterrain;1;-1;Y2007926;Ville de Princeville;Installation de production de Princeville;22131;2016;31;29;31;30;31;30;31;31;30;31;30;31;83708000;83708000;78446000;79801000;82920000;88044000;94393000;100161000;93757000;81761000;81533000;77195000;12556200;12556200;11766900;11970150;12438000;13206600;14158950;15024150;14063550;12264150;12229950;11579250
15;46.14526;-71.84559;38;79;Souterrain;1;-1;Y2007926;Ville de Princeville;Installation de production de Princeville;22131;2017;31;28;31;30;31;30;31;31;30;31;30;31;67759000;80733000;83059000;77550000;92207000;94520000;95290000;111127000;103454000;89287000;91823000;97401000;67759000;80733000;83059000;77550000;92207000;94520000;95290000;111127000;103454000;89287000;91823000;97401000
15;46.14526;-71.84559;38;79;Souterrain;1;-1;Y2007926;Ville de Princeville;Installation de production de Princeville;22131;2018;31;28;31;30;31;30;31;31;30;31;30;31;93188000;84170000;90688000;90182000;95688000;93374000;95956000;94432000;88938000;90420000;86990000;92765000;93188000;84170000;90688000;90182000;95688000;93374000;95956000;94432000;88938000;90420000;86990000;92765000
15;46.14526;-71.84559;38;79;Souterrain;1;-1;Y2007926;Ville de Princeville;Installation de production de Princeville;22131;2019;31;28;31;30;31;30;31;31;30;31;30;31;100967000;94428000;92938000;93150000;94361000;107466000;100854000;81792000;76809000;78739000;69973000;40263000;100967000;94428000;92938000;93150000;94361000;107466000;100854000;81792000;76809000;78739000;69973000;40263000
15;46.14526;-71.84559;38;79;Souterrain;1;-1;Y2007926;Ville de Princeville;Installation de production de Princeville;22131;2020;31;29;31;30;31;30;31;31;30;31;30;31;94675000;86373000;65312000;84548000;104355000;94737000;95615000;82730000;87352000;74571000;75621000;83871000;14201250;12955950;9796800;12682200;15653250;14210550;14342250;12409500;13102800;11185650;11343150;12580650
15;46.14526;-71.84559;38;79;Souterrain;1;-1;Y2007926;Ville de Princeville;Installation de production de Princeville;22131;2021;31;28;31;30;31;30;31;31;30;31;30;31;79534000;50523000;76275000;91062000;103535000;97914000;88395000;108898000;85544000;90260000;87460000;71643000;65534000;44095000;67902000;79016000;95302000;88229000;79387000;96840000;77654000;80293000;79682000;71643000
15;46.14526;-71.84559;38;79;Souterrain;1;-1;Y2007926;Ville de Princeville;Installation de production de Princeville;22131;2022;31;28;31;30;31;30;31;31;30;31;30;31;96076000;76205000;62775000;62775000;77631000;61421000;61351000;65148000;62189000;65286000;46056000;62987000;96076000;76205000;62775000;62775000;77631000;61421000;61351000;65148000;62189000;65286000;46056000;62987000
15;46.14526;-71.84559;38;79;Souterrain;1;-1;Y2007926;Ville de Princeville;Installation de production de Princeville;22131;2023;31;28;31;30;31;30;31;31;30;31;30;31;64731000;60148000;79854000;69114000;76865000;74421000;75503000;77376000;70628000;77449000;64294000;64353000;9709000;9022000;11978000;10367000;11529000;11163000;11325000;11606000;10594000;11617000;9644000;9652000
15;46.14526;-71.84559;38;79;Souterrain;1;-1;Y2007926;Ville de Princeville;Installation de production de Princeville;22131;2024;31;29;31;30;31;30;31;31;30;31;30;31;68480000;77621000;62745000;64453000;78939000;82527000;78269000;68845000;71559000;67562000;60526000;55123000;10272000;11643150;9411750;9667950;11840850;12379050;11740350;10326750;10733850;10134300;9078900;8268450
15;46.14526;-71.84559;38;79;Souterrain;1;-1;Y2007926;Ville de Princeville;Installation de production de Princeville;22131;MOY;31;28;31;30;31;30;31;31;30;31;30;31;89485250;82313250;84485312;86019938;94609875;91241438;90344562;92303938;88397625;85377188;81576562;79323062;63552958;57920869;59909650;60226562;67945162;63740400;63893581;64962492;61544400;60181700;57210154;56012258
16;45.92968;-71.98994;140;321;Souterrain;1;-1;Y2008344;Ville de Warwick;Station de purification Warwick (post.chl.);22131;2010;31;28;31;30;31;30;31;31;30;31;30;31;45020000;30275000;47367000;36007000;51849000;43607000;42327000;35396000;38292000;33907000;38168000;43677000;0;0;0;0;0;0;0;0;0;0;0;0
16;45.92968;-71.98994;140;321;Souterrain;1;-1;Y2008344;Ville de Warwick;Station de purification Warwick (post.chl.);22131;2011;31;28;31;30;31;30;31;31;30;31;30;31;30819000;43207000;45740000;42431000;19548000;22290000;13769000;13808000;5333000;9542000;5270000;10409000;0;0;0;0;0;0;0;0;0;0;0;0
16;45.92968;-71.98994;140;321;Souterrain;1;-1;Y2008344;Ville de Warwick;Station de purification Warwick (post.chl.);22131;2012;31;29;31;30;31;30;31;31;30;31;30;31;12694000;15617000;16459000;18284000;26569000;34237000;40617000;36377000;28649000;24680000;22052000;29616000;12694000;15617000;16459000;18284000;26569000;34237000;40617000;36377000;28649000;24680000;22052000;29616000
16;45.92968;-71.98994;140;321;Souterrain;1;-1;Y2008344;Ville de Warwick;Station de purification Warwick (post.chl.);22131;2013;31;28;31;30;31;15;29;31;30;30;30;31;35770000;31184000;37134000;41417000;47428000;22203000;47564000;37681000;33004000;47367000;43784000;47947000;35770000;31184000;37134000;41417000;47428000;22203000;47564000;37681000;33004000;47367000;43784000;47947000
16;45.92968;-71.98994;140;321;Souterrain;1;-1;Y2008344;Ville de Warwick;Station de purification Warwick (post.chl.);22131;2014;31;28;31;30;31;30;31;31;30;31;30;31;57563000;55114000;58705000;50246000;42854000;33053000;55602000;38642000;35951000;41139000;41747000;45757000;57563000;55114000;58705000;50246000;42854000;33053000;55602000;38642000;35951000;41139000;41747000;45757000
16;45.92968;-71.98994;140;321;Souterrain;1;-1;Y2008344;Ville de Warwick;Station de purification Warwick (post.chl.);22131;2015;31;28;31;30;31;30;31;31;30;31;30;31;63126000;44444000;33478000;43958000;49166000;52528000;43498000;22659000;14646000;18757000;21171000;15714000;63126000;44444000;33478000;43958000;49166000;52528000;43498000;22659000;14646000;18757000;21171000;15714000
16;45.92968;-71.98994;140;321;Souterrain;1;-1;Y2008344;Ville de Warwick;Station de purification Warwick (post.chl.);22131;2016;31;29;31;30;31;30;31;31;30;31;30;31;24440000;25628000;26333000;27411000;41949000;45784000;40604000;42333000;46287000;45117000;51221000;41306000;3666000;3844200;3949950;4111650;6292350;6867600;6090600;6349950;6943050;6767550;7683150;6195900
16;45.92968;-71.98994;140;321;Souterrain;1;-1;Y2008344;Ville de Warwick;Station de purification Warwick (post.chl.);22131;2017;31;28;31;30;31;30;31;31;30;31;30;31;45910000;44796000;50277000;44525000;50566000;51180000;47029000;55832000;60724000;55590000;53105000;49093000;6886500;6719400;7541550;6678750;7584900;7677000;7054350;8374800;9108600;8338500;7965750;7363950
16;45.92968;-71.98994;140;321;Souterrain;1;-1;Y2008344;Ville de Warwick;Station de purification Warwick (post.chl.);22131;2018;31;28;31;30;31;30;31;31;30;31;30;31;54681000;55881000;51911000;20313000;36573000;33743000;41857000;48639000;33601000;36319000;35527000;28965000;8202150;8382150;7786650;3046950;5485950;5061450;6278550;7295850;5040150;5447850;5329050;4344750
16;45.92968;-71.98994;140;321;Souterrain;1;-1;Y2008344;Ville de Warwick;Station de purification Warwick (post.chl.);22131;2019;31;28;31;30;31;30;31;31;30;31;30;31;38838000;33688000;50287000;50670000;48009000;51856000;57778000;50863000;47461000;45073000;46738000;43948000;5825700;5053200;7543050;7600500;7201350;7778400;8666700;7629450;7119150;6760950;7010700;6592200
16;45.92968;-71.98994;140;321;Souterrain;1;-1;Y2008344;Ville de Warwick;Station de purification Warwick (post.chl.);22131;2020;31;29;31;30;31;30;31;31;30;31;30;31;48121000;52992000;51407000;51388000;63911000;46737000;31608000;26157000;30268000;20805000;17162000;12299000;7218150;7948800;7711050;7708200;9586650;7010550;4741200;3923550;4540200;3120750;2574300;1844850
16;45.92968;-71.98994;140;321;Souterrain;1;-1;Y2008344;Ville de Warwick;Station de purification Warwick (post.chl.);22131;2021;31;28;31;30;31;30;31;31;30;31;30;31;19189000;20433000;26525000;24318000;39044000;37051000;34631000;41936000;28740000;24256000;16132000;12571000;2878350;3064950;3978750;3647700;5856600;5557650;5194650;6290400;4311000;3638400;2419800;1885650
16;45.92968;-71.98994;140;321;Souterrain;1;-1;Y2008344;Ville de Warwick;Station de purification Warwick (post.chl.);22131;2022;31;28;31;30;31;30;30;31;30;31;30;31;31438000;18336000;22417000;17357000;32421000;26189000;25855000;23221000;26915000;11604000;44180000;12780000;4715700;2750400;3362550;2603550;4863150;3928350;3878250;3483150;4037250;1740600;6627000;1917000
16;45.92968;-71.98994;140;321;Souterrain;1;-1;Y2008344;Ville de Warwick;Station de purification Warwick (post.chl.);22131;2023;31;28;31;30;31;30;31;31;30;31;30;31;17463000;15357000;17890000;12888000;35393000;30027000;20863000;33170000;33254000;23905000;21546000;16095000;2619450;2303550;2683500;1933200;5308950;4504050;3129450;4975500;4988100;3585750;3231900;2414250
16;45.92968;-71.98994;140;321;Souterrain;1;-1;Y2008344;Ville de Warwick;Station de purification Warwick (post.chl.);22131;2024;31;29;31;30;31;30;31;31;30;31;30;31;20595000;12943000;16358000;20504000;31126000;35936000;33965000;43327000;42418000;39751000;26311000;5229000;3089250;1941450;2453700;3075600;4668900;5390400;5094750;6499050;6362700;5962650;3946650;784350
16;45.92968;-71.98994;140;321;Souterrain;1;-1;Y2008344;Ville de Warwick;Station de purification Warwick (post.chl.);22131;MOY;31;28;31;30;31;29;31;31;30;31;30;31;36377800;33326333;36819200;33447800;41093733;37761400;38504467;36669400;33702867;31854133;32274267;27693733;16481096;14489777;14829750;14947008;17143523;15061265;18262269;14629285;12669246;13638923;13503254;13259762
17;45.95474;-72.00586;129;296;Souterrain;1;-1;Y2008344;Ville de Warwick;Station de purification Warwick (post.chl.);22131;2009;31;28;31;30;31;30;31;31;30;31;30;31;52700000;42519000;61222000;58558000;65211000;69259000;65581000;70319000;65137000;56288000;62215000;52620000;0;0;0;0;0;0;0;0;0;0;0;0
17;45.95474;-72.00586;129;296;Souterrain;1;-1;Y2008344;Ville de Warwick;Station de purification Warwick (post.chl.);22131;2010;31;28;31;30;31;30;31;31;30;31;30;31;69182000;92515000;98498000;94427000;102003000;94466000;96581000;94879000;91848000;94494000;90456000;86829000;0;0;0;0;0;0;0;0;0;0;0;0
17;45.95474;-72.00586;129;296;Souterrain;1;-1;Y2008344;Ville de Warwick;Station de purification Warwick (post.chl.);22131;2011;31;28;31;30;31;30;31;31;30;31;30;31;82849000;78069000;90442000;85162000;108160000;103704000;102106000;95713000;90282000;88429000;88899000;77664000;0;0;0;0;0;0;0;0;0;0;0;0
17;45.95474;-72.00586;129;296;Souterrain;1;-1;Y2008344;Ville de Warwick;Station de purification Warwick (post.chl.);22131;2012;31;29;31;30;31;30;31;31;30;31;30;31;61787000;88299000;91428000;79881000;84041000;80170000;79619000;101588000;78509000;71440000;69924000;61787000;61787000;88299000;91428000;79881000;84041000;80170000;79619000;101588000;78509000;71440000;69924000;61787000
17;45.95474;-72.00586;129;296;Souterrain;1;-1;Y2008344;Ville de Warwick;Station de purification Warwick (post.chl.);22131;2013;31;28;31;30;31;30;31;31;30;31;30;31;67415000;65711000;73095000;55615000;66429000;63644000;52622000;57991000;55006000;52746000;46761000;50968000;67415000;65711000;73095000;55615000;66429000;63644000;52622000;57991000;55006000;52746000;46761000;50968000
17;45.95474;-72.00586;129;296;Souterrain;1;-1;Y2008344;Ville de Warwick;Station de purification Warwick (post.chl.);22131;2014;31;28;31;30;31;30;31;31;30;31;30;31;116781000;118010000;119915000;91612000;101995000;85746000;96724000;85640000;84577000;93293000;89929000;85914000;116781000;118010000;119915000;91612000;101995000;85746000;96724000;85640000;84577000;93293000;89929000;85914000
17;45.95474;-72.00586;129;296;Souterrain;1;-1;Y2008344;Ville de Warwick;Station de purification Warwick (post.chl.);22131;2015;31;28;31;30;31;30;31;31;30;31;30;31;47885000;60675000;72936000;60184000;83567000;95324000;79291000;69642000;67888000;67705000;60523000;59642000;47885000;60675000;72936000;60184000;83567000;95324000;79291000;69642000;67888000;67705000;60523000;59642000
17;45.95474;-72.00586;129;296;Souterrain;1;-1;Y2008344;Ville de Warwick;Station de purification Warwick (post.chl.);22131;2016;31;29;31;30;31;30;31;31;30;31;30;31;61918000;58074000;63294000;57030000;54874000;53257000;50800000;45944000;47553000;48857000;46550000;44269000;9287700;8711100;9494100;8554500;8231100;7988550;7620000;6891600;7132950;7328550;6982500;6640350
17;45.95474;-72.00586;129;296;Souterrain;1;-1;Y2008344;Ville de Warwick;Station de purification Warwick (post.chl.);22131;2017;31;28;31;30;31;30;31;31;30;31;30;31;43304000;38684000;43123000;42391000;43250000;39961000;38687000;36905000;34024000;34880000;30914000;30082000;6495600;5802600;6468450;6358650;6487500;5994150;5803050;5535750;5103600;5232000;4637100;4512300
17;45.95474;-72.00586;129;296;Souterrain;1;-1;Y2008344;Ville de Warwick;Station de purification Warwick (post.chl.);22131;2018;31;28;31;30;31;30;31;31;30;31;30;31;28993000;25470000;37973000;59560000;62737000;59627000;66294000;64415000;60762000;60341000;55982000;53293000;4348950;3820500;5695950;8934000;9410550;8944050;9944100;9662250;9114300;9051150;8397300;7993950
17;45.95474;-72.00586;129;296;Souterrain;1;-1;Y2008344;Ville de Warwick;Station de purification Warwick (post.chl.);22131;2019;31;28;31;30;31;30;31;31;30;31;30;31;52737000;45561000;49572000;45894000;49174000;41768000;41120000;39755000;37741000;39294000;37171000;36814000;7910550;6834150;7435800;6884100;7376100;6265200;6168000;5963250;5661150;5894100;5575650;5522100
17;45.95474;-72.00586;129;296;Souterrain;1;-1;Y2008344;Ville de Warwick;Station de purification Warwick (post.chl.);22131;2020;31;29;31;30;31;30;31;31;30;31;30;31;33915000;30182000;30270000;28421000;42447000;66224000;62951000;63174000;61273000;56837000;57140000;56529000;5087250;4527300;4540500;4263150;6367050;9933600;9442650;9476100;9190950;8525550;8571000;8479350
17;45.95474;-72.00586;129;296;Souterrain;1;-1;Y2008344;Ville de Warwick;Station de purification Warwick (post.chl.);22131;2021;31;28;31;30;31;30;31;31;30;30;30;31;61736000;54871000;59173000;57339000;55457000;57928000;58036000;57336000;56469000;56727000;51053000;52064000;9260400;8230650;8875950;8600850;8318550;8689200;8705400;8600400;8470350;8509050;7657950;7809600
17;45.95474;-72.00586;129;296;Souterrain;1;-1;Y2008344;Ville de Warwick;Station de purification Warwick (post.chl.);22131;2022;31;28;31;30;31;30;31;31;30;31;30;31;50984000;45559000;49662000;47126000;47886000;43128000;45379000;46484000;50276000;50140000;50966000;45785000;7647600;6833850;7449300;7068900;7182900;6469200;6806850;6972600;7541400;7521000;7644900;6867750
17;45.95474;-72.00586;129;296;Souterrain;1;-1;Y2008344;Ville de Warwick;Station de purification Warwick (post.chl.);22131;2023;31;28;31;30;31;30;31;31;30;31;30;31;40829000;37013000;40619000;41298000;49132000;45995000;46363000;45344000;45157000;46985000;42581000;43799000;6124350;5551950;6092850;6194700;7369800;6899250;6954450;6801600;6773550;7047750;6387150;6569850
17;45.95474;-72.00586;129;296;Souterrain;1;-1;Y2008344;Ville de Warwick;Station de purification Warwick (post.chl.);22131;2024;31;29;31;30;31;30;31;31;30;31;30;31;42382000;38735000;39917000;37709000;37410000;33606000;35252000;33288000;29751000;34138000;30644000;49938000;6357300;5810250;5987550;5656350;5611500;5040900;5287800;4993200;4462650;5120700;4596600;7490700
17;45.95474;-72.00586;129;296;Souterrain;1;-1;Y2008344;Ville de Warwick;Station de purification Warwick (post.chl.);22131;MOY;31;28;31;30;31;30;31;31;30;31;30;31;57212312;57496688;63821188;58887938;65860812;64612938;63587875;63026062;59765812;59537125;56981750;55499812;27414438;29909027;32262650;26908246;30952850;30085238;28845254;29212135;26879300;26877988;25199012;24630535
18;45.93121;-71.96035;140;321;Surface;1;-1;Y2036246;Station du Mont Gleason inc.;Station du Mont Gleason (Enneigement);71392;2009;0;0;0;0;0;0;0;0;0;31;30;31;0;0;0;0;0;0;0;0;0;1906500;1845000;1906500;0;0;0;0;0;0;0;0;0;0;0;0
18;45.93121;-71.96035;140;321;Surface;1;-1;Y2036246;Station du Mont Gleason inc.;Station du Mont Gleason (Enneigement);71392;2011;0;0;0;0;0;0;0;0;1;1;1;1;0;0;0;0;0;0;0;0;19400236;19400236;19400236;19400236;0;0;0;0;0;0;0;0;0;0;0;0
18;45.93121;-71.96035;140;321;Surface;1;-1;Y2036246;Station du Mont Gleason inc.;Station du Mont Gleason (Enneigement);71392;2012;0;0;0;0;0;0;0;0;1;1;1;1;0;0;0;0;0;0;0;0;39346000;39346000;39346000;39346000;0;0;0;0;0;0;0;0;39346000;39346000;39346000;39346000
18;45.93121;-71.96035;140;321;Surface;1;-1;Y2036246;Station du Mont Gleason inc.;Station du Mont Gleason (Enneigement);71392;2013;31;0;0;0;0;0;0;0;0;0;15;31;16845083;0;0;0;0;0;0;0;0;0;30283296;14763107;16845083;0;0;0;0;0;0;0;0;0;30283296;14763107
18;45.93121;-71.96035;140;321;Surface;1;-1;Y2036246;Station du Mont Gleason inc.;Station du Mont Gleason (Enneigement);71392;2014;5;0;0;0;0;0;0;0;0;0;6;11;23328000;0;0;0;0;0;0;0;0;0;33992000;65648000;0;0;0;0;0;0;0;0;0;0;0;0
18;45.93121;-71.96035;140;321;Surface;1;-1;Y2036246;Station du Mont Gleason inc.;Station du Mont Gleason (Enneigement);71392;2015;0;0;0;0;0;0;0;0;0;0;0;22;0;0;0;0;0;0;0;0;0;0;0;8000000;0;0;0;0;0;0;0;0;0;0;0;0
18;45.93121;-71.96035;140;321;Surface;1;-1;Y2036246;Station du Mont Gleason inc.;Station du Mont Gleason (Enneigement);71392;2016;15;0;0;0;0;0;0;0;0;0;0;15;25000000;0;0;0;0;0;0;0;0;0;0;21662000;0;0;0;0;0;0;0;0;0;0;0;0
18;45.93121;-71.96035;140;321;Surface;1;-1;Y2036246;Station du Mont Gleason inc.;Station du Mont Gleason (Enneigement);71392;2017;0;0;0;0;0;0;0;0;0;0;0;0;0;0;0;0;0;0;0;0;0;0;0;0;0;0;0;0;0;0;0;0;0;0;0;0
18;45.93121;-71.96035;140;321;Surface;1;-1;Y2036246;Station du Mont Gleason inc.;Station du Mont Gleason (Enneigement);71392;2018;31;0;0;0;0;0;0;0;0;0;0;0;2600000;0;0;0;0;0;0;0;0;0;0;0;0;0;0;0;0;0;0;0;0;0;0;0
18;45.93121;-71.96035;140;321;Surface;1;-1;Y2036246;Station du Mont Gleason inc.;Station du Mont Gleason (Enneigement);71392;2019;31;0;0;0;0;0;0;0;0;0;30;31;1493000;0;0;0;0;0;0;0;0;0;8289000;11400000;0;0;0;0;0;0;0;0;0;0;0;0
18;45.93121;-71.96035;140;321;Surface;1;-1;Y2036246;Station du Mont Gleason inc.;Station du Mont Gleason (Enneigement);71392;2020;31;0;0;0;0;0;0;0;0;0;30;31;1493000;0;0;0;0;0;0;0;0;0;27491000;9771000;0;0;0;0;0;0;0;0;0;0;0;0
18;45.93121;-71.96035;140;321;Surface;1;-1;Y2036246;Station du Mont Gleason inc.;Station du Mont Gleason (Enneigement);71392;2021;31;0;0;0;0;0;0;0;0;0;30;31;19065000;0;0;0;0;0;0;0;0;0;11549000;13768480;0;0;0;0;0;0;0;0;0;0;0;0
18;45.93121;-71.96035;140;321;Surface;1;-1;Y2036246;Station du Mont Gleason inc.;Station du Mont Gleason (Enneigement);71392;2022;31;0;0;0;0;0;0;0;0;0;15;31;24363240;0;0;0;0;0;0;0;0;0;25655770;20583210;0;0;0;0;0;0;0;0;0;0;0;0
18;45.93121;-71.96035;140;321;Surface;1;-1;Y2036246;Station du Mont Gleason inc.;Station du Mont Gleason (Enneigement);71392;2023;8;0;0;0;0;0;0;0;0;0;0;16;29605000;0;0;0;0;0;0;0;0;0;0;26859000;0;0;0;0;0;0;0;0;0;0;0;0
18;45.93121;-71.96035;140;321;Surface;1;-1;Y2036246;Station du Mont Gleason inc.;Station du Mont Gleason (Enneigement);71392;2024;12;1;0;0;0;0;0;0;0;0;1;27;83874000;1260000;0;0;0;0;0;0;0;0;265000;50853000;0;0;0;0;0;0;0;0;0;0;0;0
18;45.93121;-71.96035;140;321;Surface;1;-1;Y2036246;Station du Mont Gleason inc.;Station du Mont Gleason (Enneigement);71392;MOY;23;1;0;0;0;0;0;0;1;11;16;21;22766632;1260000;0;0;0;0;0;0;29373118;20217579;19811630;23381579;16845083;0;0;0;0;0;0;0;39346000;39346000;34814648;27054554
19;45.93603;-71.97274;130;298;Surface;1;-1;Y2036246;Station du Mont Gleason inc.;Station du Mont Gleason (Enneigement);71392;2013;0;0;0;0;0;0;0;0;0;0;0;5;0;0;0;0;0;0;0;0;0;0;0;42018073;0;0;0;0;0;0;0;0;0;0;0;42018073
19;45.93603;-71.97274;130;298;Surface;1;-1;Y2036246;Station du Mont Gleason inc.;Station du Mont Gleason (Enneigement);71392;2014;5;5;0;0;0;0;0;0;0;0;0;7;46165000;46165000;0;0;0;0;0;0;0;0;0;62542000;0;0;0;0;0;0;0;0;0;0;0;0
19;45.93603;-71.97274;130;298;Surface;1;-1;Y2036246;Station du Mont Gleason inc.;Station du Mont Gleason (Enneigement);71392;2015;7;0;0;0;0;0;0;0;0;0;0;9;21256000;0;0;0;0;0;0;0;0;0;0;29432000;0;0;0;0;0;0;0;0;0;0;0;0
19;45.93603;-71.97274;130;298;Surface;1;-1;Y2036246;Station du Mont Gleason inc.;Station du Mont Gleason (Enneigement);71392;2016;0;0;0;0;0;0;0;0;0;0;0;12;0;0;0;0;0;0;0;0;0;0;0;74652000;0;0;0;0;0;0;0;0;0;0;0;0
19;45.93603;-71.97274;130;298;Surface;1;-1;Y2036246;Station du Mont Gleason inc.;Station du Mont Gleason (Enneigement);71392;2017;31;0;0;0;0;0;0;0;0;0;30;31;1000;0;0;0;0;0;0;0;0;0;54850000;72720000;0;0;0;0;0;0;0;0;0;0;0;0
19;45.93603;-71.97274;130;298;Surface;1;-1;Y2036246;Station du Mont Gleason inc.;Station du Mont Gleason (Enneigement);71392;2018;1;0;0;0;0;0;0;0;0;0;30;31;1771000;0;0;0;0;0;0;0;0;0;72825000;44516000;0;0;0;0;0;0;0;0;0;0;0;0
19;45.93603;-71.97274;130;298;Surface;1;-1;Y2036246;Station du Mont Gleason inc.;Station du Mont Gleason (Enneigement);71392;2019;15;0;0;0;0;0;0;0;0;0;15;31;8722000;0;0;0;0;0;0;0;0;0;75665000;104061000;0;0;0;0;0;0;0;0;0;0;0;0
19;45.93603;-71.97274;130;298;Surface;1;-1;Y2036246;Station du Mont Gleason inc.;Station du Mont Gleason (Enneigement);71392;2020;31;0;0;0;0;0;0;0;0;0;30;31;13627000;0;0;0;0;0;0;0;0;0;72019000;25597000;0;0;0;0;0;0;0;0;0;0;0;0
19;45.93603;-71.97274;130;298;Surface;1;-1;Y2036246;Station du Mont Gleason inc.;Station du Mont Gleason (Enneigement);71392;2021;12;0;0;0;0;0;0;0;0;1;7;21;58621000;0;0;0;0;0;0;0;0;2502000;31107000;107836000;0;0;0;0;0;0;0;0;0;0;0;0
19;45.93603;-71.97274;130;298;Surface;1;-1;Y2036246;Station du Mont Gleason inc.;Station du Mont Gleason (Enneigement);71392;2022;10;0;0;0;0;0;0;0;0;0;10;21;24660080;0;0;0;0;0;0;0;0;0;25655770;20583210;0;0;0;0;0;0;0;0;0;0;0;0
19;45.93603;-71.97274;130;298;Surface;1;-1;Y2036246;Station du Mont Gleason inc.;Station du Mont Gleason (Enneigement);71392;2023;8;0;0;0;0;0;0;0;0;0;10;16;23206000;0;0;0;0;0;0;0;0;0;36769000;59725000;0;0;0;0;0;0;0;0;0;0;0;0
19;45.93603;-71.97274;130;298;Surface;1;-1;Y2036246;Station du Mont Gleason inc.;Station du Mont Gleason (Enneigement);71392;2024;12;0;0;0;0;0;0;0;0;0;6;24;24437380;0;0;0;0;0;0;0;0;0;1528000;116671100;0;0;0;0;0;0;0;0;0;0;0;0
19;45.93603;-71.97274;130;298;Surface;1;-1;Y2036246;Station du Mont Gleason inc.;Station du Mont Gleason (Enneigement);71392;MOY;13;5;0;0;0;0;0;0;0;1;17;20;22246646;46165000;0;0;0;0;0;0;0;2502000;46302346;63362782;0;0;0;0;0;0;0;0;0;0;0;42018073
20;45.93053;-71.9617;140;321;Souterrain;1;-1;Y2036246;Station du Mont Gleason inc.;Station du mont Gleason (Chalet principal);22131;2011;2;2;2;2;2;2;2;2;2;2;2;2;363.36;363.36;363.36;363.36;363.36;363.36;363.36;363.36;363.36;363.36;363.36;363.36;0;0;0;0;0;0;0;0;0;0;0;0
20;45.93053;-71.9617;140;321;Souterrain;1;-1;Y2036246;Station du Mont Gleason inc.;Station du mont Gleason (Chalet principal);22131;2012;31;28;31;30;31;30;31;31;30;31;30;31;220000;235000;175000;20000;19000;17000;5000;17000;19000;18000;20000;109000;0;0;0;0;0;0;0;0;0;0;0;0
20;45.93053;-71.9617;140;321;Souterrain;1;-1;Y2036246;Station du Mont Gleason inc.;Station du mont Gleason (Chalet principal);22131;2013;31;28;31;30;31;30;31;31;30;31;30;31;229200;242500;189700;67000;25000;25000;8000;21000;24000;30000;40000;210000;0;0;0;0;0;0;0;0;0;0;0;0
20;45.93053;-71.9617;140;321;Souterrain;1;-1;Y2036246;Station du Mont Gleason inc.;Station du mont Gleason (Chalet principal);22131;2014;31;28;31;30;31;30;31;31;30;31;30;31;228000;296400;351800;42800;18100;11200;8300;12000;65000;80000;77000;135000;0;0;0;0;0;0;0;0;0;0;0;0
20;45.93053;-71.9617;140;321;Souterrain;1;-1;Y2036246;Station du Mont Gleason inc.;Station du mont Gleason (Chalet principal);22131;2015;31;28;31;30;31;30;31;31;30;31;30;31;254100;227200;396400;81600;19300;12800;11000;16400;69800;75000;82000;197000;0;0;0;0;0;0;0;0;0;0;0;0
20;45.93053;-71.9617;140;321;Souterrain;1;-1;Y2036246;Station du Mont Gleason inc.;Station du mont Gleason (Chalet principal);22131;2016;31;29;31;30;31;30;31;31;30;31;30;31;285000;441400;301900;120000;59000;49000;47000;52000;118000;226000;345000;330000;0;0;0;0;0;0;0;0;0;0;0;0
20;45.93053;-71.9617;140;321;Souterrain;1;-1;Y2036246;Station du Mont Gleason inc.;Station du mont Gleason (Chalet principal);22131;2017;31;28;31;30;31;30;31;31;30;31;30;31;168000;651000;450000;70000;33000;97000;90000;66000;349000;57000;84000;289000;0;0;0;0;0;0;0;0;0;0;0;0
20;45.93053;-71.9617;140;321;Souterrain;1;-1;Y2036246;Station du Mont Gleason inc.;Station du mont Gleason (Chalet principal);22131;2018;31;28;31;30;31;30;31;31;30;31;30;31;161000;432000;522000;301000;295000;228000;228000;224000;337000;271000;116000;217000;0;0;0;0;0;0;0;0;0;0;0;0
20;45.93053;-71.9617;140;321;Souterrain;1;-1;Y2036246;Station du Mont Gleason inc.;Station du mont Gleason (Chalet principal);22131;2019;31;28;31;30;31;30;31;31;30;31;30;31;535000;492000;1131000;146000;19000;24000;13000;50000;65000;100000;83000;239000;0;0;0;0;0;0;0;0;0;0;0;0
20;45.93053;-71.9617;140;321;Souterrain;1;-1;Y2036246;Station du Mont Gleason inc.;Station du mont Gleason (Chalet principal);22131;2020;31;29;31;30;31;30;31;31;30;31;30;31;483000;506000;274000;12000;12000;12000;13000;101000;38000;45000;49000;155000;0;0;0;0;0;0;0;0;0;0;0;0
20;45.93053;-71.9617;140;321;Souterrain;1;-1;Y2036246;Station du Mont Gleason inc.;Station du mont Gleason (Chalet principal);22131;2021;31;28;31;30;31;30;31;31;30;31;30;31;483000;506000;274000;12000;12000;12000;13000;101000;38000;45000;49000;155000;0;0;0;0;0;0;0;0;0;0;0;0
20;45.93053;-71.9617;140;321;Souterrain;1;-1;Y2036246;Station du Mont Gleason inc.;Station du mont Gleason (Chalet principal);22131;2022;31;28;31;30;31;30;31;29;30;31;30;31;379000;80000;312000;60000;50000;37000;5800;21000;50000;80000;60000;205000;0;0;0;0;0;0;0;0;0;0;0;0
20;45.93053;-71.9617;140;321;Souterrain;1;-1;Y2036246;Station du Mont Gleason inc.;Station du mont Gleason (Chalet principal);22131;2023;31;28;31;28;30;25;8;31;30;31;30;31;486000;369000;339000;48000;21000;63000;163000;105000;603000;89000;44000;268000;0;0;0;0;0;0;0;0;0;0;0;0
20;45.93053;-71.9617;140;321;Souterrain;1;-1;Y2036246;Station du Mont Gleason inc.;Station du mont Gleason (Chalet principal);22131;2024;31;29;31;30;30;28;29;30;30;31;30;31;447000;553000;222000;47000;29000;35000;49000;47000;113000;113000;90000;292000;0;0;0;0;0;0;0;0;0;0;0;0
20;45.93053;-71.9617;140;321;Souterrain;1;-1;Y2036246;Station du Mont Gleason inc.;Station du mont Gleason (Chalet principal);22131;MOY;29;26;29;28;29;28;27;29;28;29;28;29;311333;359419;352797;73412;43697;44526;46747;59555;134940;87812;81383;200097;0;0;0;0;0;0;0;0;0;0;0;0
21;45.9262;-71.95184;140;321;Surface;1;-1;Y2036246;Station du Mont Gleason inc.;Station Mont Gleason (Chalet sommet);22131;2015;31;28;31;30;31;30;31;31;30;31;30;31;67000;58000;73000;12000;1000;1000;1000;1000;5000;7000;5000;31000;0;0;0;0;0;0;0;0;0;0;0;0
21;45.9262;-71.95184;140;321;Surface;1;-1;Y2036246;Station du Mont Gleason inc.;Station Mont Gleason (Chalet sommet);22131;2016;31;28;31;30;31;30;31;31;30;31;30;31;54000;61000;80000;5000;1000;1000;1000;1000;5000;4000;3000;38000;0;0;0;0;0;0;0;0;0;0;0;0
21;45.9262;-71.95184;140;321;Surface;1;-1;Y2036246;Station du Mont Gleason inc.;Station Mont Gleason (Chalet sommet);22131;2017;31;28;31;30;0;0;0;0;30;31;30;31;32000;30000;22000;6000;0;0;0;0;5000;6000;6000;18000;0;0;0;0;0;0;0;0;0;0;0;0
21;45.9262;-71.95184;140;321;Surface;1;-1;Y2036246;Station du Mont Gleason inc.;Station Mont Gleason (Chalet sommet);22131;2018;31;28;31;0;0;0;7;0;8;9;5;15;20000;22000;21000;0;0;0;900;0;14000;41000;900;6000;0;0;0;0;0;0;0;0;0;0;0;0
21;45.9262;-71.95184;140;321;Surface;1;-1;Y2036246;Station du Mont Gleason inc.;Station Mont Gleason (Chalet sommet);22131;2019;31;28;31;0;0;0;0;0;4;12;0;15;97000;32000;25000;0;0;0;0;0;5900;13000;0;6000;0;0;0;0;0;0;0;0;0;0;0;0
21;45.9262;-71.95184;140;321;Surface;1;-1;Y2036246;Station du Mont Gleason inc.;Station Mont Gleason (Chalet sommet);22131;2020;31;29;31;0;0;0;0;0;0;0;0;0;17000;19000;13000;0;0;0;0;0;0;0;0;0;0;0;0;0;0;0;0;0;0;0;0;0
21;45.9262;-71.95184;140;321;Surface;1;-1;Y2036246;Station du Mont Gleason inc.;Station Mont Gleason (Chalet sommet);22131;2021;0;0;0;0;0;0;0;0;0;0;1;16;0;0;0;0;0;0;0;0;0;0;80;2500;0;0;0;0;0;0;0;0;0;0;0;0
21;45.9262;-71.95184;140;321;Surface;1;-1;Y2036246;Station du Mont Gleason inc.;Station Mont Gleason (Chalet sommet);22131;2022;12;3;9;3;0;0;0;0;11;7;0;14;1300;3000;4900;220;0;0;0;0;1800;4900;0;7400;0;0;0;0;0;0;0;0;0;0;0;0
21;45.9262;-71.95184;140;321;Surface;1;-1;Y2036246;Station du Mont Gleason inc.;Station Mont Gleason (Chalet sommet);22131;2023;18;22;22;6;8;0;0;0;11;2;1;12;19000;14000;16000;1000;1000;0;0;0;19000;6000;1000;6000;0;0;0;0;0;0;0;0;0;0;0;0
21;45.9262;-71.95184;140;321;Surface;1;-1;Y2036246;Station du Mont Gleason inc.;Station Mont Gleason (Chalet sommet);22131;2024;18;15;13;0;0;0;0;0;6;9;7;11;75000;67000;51000;0;0;0;0;0;3900;33000;48000;27000;0;0;0;0;0;0;0;0;0;0;0;0
21;45.9262;-71.95184;140;321;Surface;1;-1;Y2036246;Station du Mont Gleason inc.;Station Mont Gleason (Chalet sommet);22131;MOY;26;23;26;20;23;30;23;31;16;17;15;20;42478;34000;33989;4844;1000;1000;967;1000;7450;14362;9140;15767;0;0;0;0;0;0;0;0;0;0;0;0
22;46.11278;-71.89905;24;51;Surface;1;-1;Y2041701;CLUB DE GOLF LAURIER INC.;Club de golf Laurier inc.;71391;2011;0;0;0;0;2;9;13;1;1;0;0;0;0;0;0;0;287000;2712000;3975000;340000;178000;0;0;0;0;0;0;0;0;0;0;0;0;0;0;0
22;46.11278;-71.89905;24;51;Surface;1;-1;Y2041701;CLUB DE GOLF LAURIER INC.;Club de golf Laurier inc.;71391;2012;0;0;0;4;31;30;31;31;30;22;0;0;0;0;0;10477000;213836000;343785000;497258000;534037000;261566000;18299000;0;0;0;0;0;10477000;213836000;343785000;497258000;534037000;261566000;18299000;0;0
22;46.11278;-71.89905;24;51;Surface;1;-1;Y2041701;CLUB DE GOLF LAURIER INC.;Club de golf Laurier inc.;71391;2013;0;0;0;7;31;30;31;31;30;22;0;0;0;0;0;56055000;241269000;90315000;523925000;503597000;391911000;100883000;0;0;0;0;0;56055000;241269000;90315000;523925000;503597000;391911000;100883000;0;0
22;46.11278;-71.89905;24;51;Surface;1;-1;Y2041701;CLUB DE GOLF LAURIER INC.;Club de golf Laurier inc.;71391;2014;0;0;0;2;31;30;31;31;30;17;0;0;0;0;0;4563000;169990000;255168000;499843000;395936000;77635000;35131000;0;0;0;0;0;4563000;169990000;255168000;449843000;395936000;77635000;35131000;0;0
22;46.11278;-71.89905;24;51;Surface;1;-1;Y2041701;CLUB DE GOLF LAURIER INC.;Club de golf Laurier inc.;71391;2015;0;0;0;2;31;30;31;31;30;16;0;0;0;0;0;6159000;284009000;150891000;440766000;199837000;327172000;14713000;0;0;0;0;0;0;0;0;0;0;0;14713000;0;0
22;46.11278;-71.89905;24;51;Surface;1;-1;Y2041701;CLUB DE GOLF LAURIER INC.;Club de golf Laurier inc.;71391;2016;0;0;0;16;31;30;31;31;30;18;0;0;0;0;0;70341000;380964000;227410000;260468000;475361000;128096000;40411000;0;0;0;0;0;0;0;227410000;260468000;475361000;128096000;40411000;0;0
22;46.11278;-71.89905;24;51;Surface;1;-1;Y2041701;CLUB DE GOLF LAURIER INC.;Club de golf Laurier inc.;71391;2017;0;0;0;13;31;30;31;31;30;19;0;0;0;0;0;36475000;149693000;158492000;297878000;341064000;306387000;49334000;0;0;0;0;0;36475000;149693000;158492000;297878000;341064000;306387000;49334000;0;0
22;46.11278;-71.89905;24;51;Surface;1;-1;Y2041701;CLUB DE GOLF LAURIER INC.;Club de golf Laurier inc.;71391;2018;0;0;0;7;31;30;31;31;30;12;0;0;0;0;0;5940000;347466000;341754000;534328000;335877000;113347000;10858000;0;0;0;0;0;5346000;312719400;307578600;480895200;302289300;102012300;9772200;0;0
22;46.11278;-71.89905;24;51;Surface;1;-1;Y2041701;CLUB DE GOLF LAURIER INC.;Club de golf Laurier inc.;71391;2019;0;0;0;0;31;30;31;31;30;24;0;0;0;0;0;0;102767000;212111000;594252000;290851000;96432000;11525000;0;0;0;0;0;0;92490300;190899900;534826800;261765900;86788800;10372500;0;0
22;46.11278;-71.89905;24;51;Surface;1;-1;Y2041701;CLUB DE GOLF LAURIER INC.;Club de golf Laurier inc.;71391;2020;0;0;0;0;31;30;31;31;30;19;0;0;0;0;0;0;3064000;4242000;14051000;5030000;3893000;32000;0;0;0;0;0;0;2757600;3817800;12645900;4527000;3503700;28800;0;0
22;46.11278;-71.89905;24;51;Surface;1;-1;Y2041701;CLUB DE GOLF LAURIER INC.;Club de golf Laurier inc.;71391;2021;0;0;0;23;31;30;31;31;30;19;0;0;0;0;0;2666000;14551000;13614000;9380000;19020000;6402000;4723000;0;0;0;0;0;2666000;14551000;13614000;9380000;19020000;6402000;4723000;0;0
22;46.11278;-71.89905;24;51;Surface;1;-1;Y2041701;CLUB DE GOLF LAURIER INC.;Club de golf Laurier inc.;71391;2022;0;0;0;3;31;30;31;31;30;17;0;0;0;0;0;243000;15446000;7342000;12949000;8946000;7396000;205000;0;0;0;0;0;218700;13901400;6607800;11654100;8051400;6656400;184500;0;0
22;46.11278;-71.89905;24;51;Surface;1;-1;Y2041701;CLUB DE GOLF LAURIER INC.;Club de golf Laurier inc.;71391;2023;0;0;0;0;26;25;8;0;20;16;0;0;0;0;0;0;12084000;8510000;109000;0;4083000;1946000;0;0;0;0;0;0;12084000;8510000;109000;0;4083000;1946000;0;0
22;46.11278;-71.89905;24;51;Surface;1;-1;Y2041701;CLUB DE GOLF LAURIER INC.;Club de golf Laurier inc.;71391;2024;0;0;0;12;31;24;28;17;26;15;0;0;0;0;0;1331000;2664000;10577000;9237000;2925000;8296000;976000;0;0;0;0;0;1197900;2397600;9519300;8313300;2632500;7466400;878400;0;0
22;46.11278;-71.89905;24;51;Surface;1;-1;Y2041701;CLUB DE GOLF LAURIER INC.;Club de golf Laurier inc.;71391;MOY;0;0;0;9;29;28;28;28;27;18;0;0;0;0;0;19425000;138435000;130494500;264172786;239447769;123771000;22233538;0;0;0;0;0;14624825;111426300;134643117;257266358;258934645;115208967;22052031;0;0
23;46.00261;-72.08313;75;163;Souterrain;1;-1;Y2061212;FERME LANDRYNOISE INC.;Ferme Landrynoise inc., bovin laitier, lot 791;112120;2023;0;0;0;0;0;0;31;31;30;0;0;0;0;0;0;0;0;0;3373500;1707950;1021300;0;0;0;0;0;0;0;0;0;3339765;1690870.5;1011087;0;0;0
23;46.00261;-72.08313;75;163;Souterrain;1;-1;Y2061212;FERME LANDRYNOISE INC.;Ferme Landrynoise inc., bovin laitier, lot 791;112120;2024;0;29;31;30;31;30;31;31;30;31;30;31;0;121400;160350;133850;153300;1309200;2062750;886600;1570550;3481600;3323250;3184950;0;0;0;0;0;0;0;0;0;0;0;0
23;46.00261;-72.08313;75;163;Souterrain;1;-1;Y2061212;FERME LANDRYNOISE INC.;Ferme Landrynoise inc., bovin laitier, lot 791;112120;MOY;0;29;31;30;31;30;31;31;30;31;30;31;0;121400;160350;133850;153300;1309200;2718125;1297275;1295925;3481600;3323250;3184950;0;0;0;0;0;0;3339765;1690870;1011087;0;0;0
24;46.00337;-72.08452;75;163;Surface;1;-1;Y2061212;FERME LANDRYNOISE INC.;Ferme Landrynoise inc. - 5 181 251;112120;2023;0;0;0;0;0;0;31;31;30;31;30;31;0;0;0;0;0;0;5947100;6959150;7415100;8832550;8067450;7856400;0;0;0;0;0;0;5947100;6959150;7415100;8744224.5;7986775.5;7777836
24;46.00337;-72.08452;75;163;Surface;1;-1;Y2061212;FERME LANDRYNOISE INC.;Ferme Landrynoise inc. - 5 181 251;112120;2024;31;29;31;30;31;30;31;31;30;31;30;31;8391750;7326950;7659850;7771600;8581750;7457350;7273150;8386450;7217950;4991000;4568300;4436050;0;0;0;0;0;0;0;0;0;0;0;0
24;46.00337;-72.08452;75;163;Surface;1;-1;Y2061212;FERME LANDRYNOISE INC.;Ferme Landrynoise inc. - 5 181 251;112120;MOY;31;29;31;30;31;30;31;31;30;31;30;31;8391750;7326950;7659850;7771600;8581750;7457350;6610125;7672800;7316525;6911775;6317875;6146225;0;0;0;0;0;0;5947100;6959150;7415100;8744224;7986776;7777836
25;46.06701;-71.97201;23;48;Surface;1;-1;Y2071288;LACTALIS CANADA INC.;Lactalis Victoriaville;3115;2009;0;0;0;0;0;0;0;0;0;31;30;31;0;0;0;0;0;0;0;0;0;98000000;95000000;98000000;0;0;0;0;0;0;0;0;0;0;0;0
25;46.06701;-71.97201;23;48;Surface;1;-1;Y2071288;LACTALIS CANADA INC.;Lactalis Victoriaville;3115;2010;31;28;31;30;31;30;31;31;30;31;30;31;98000000;88667000;98000000;95000000;98000000;95000000;98000000;98000000;95000000;98000000;95000000;98000000;0;0;0;0;0;0;0;0;0;0;0;0
25;46.06701;-71.97201;23;48;Surface;1;-1;Y2071288;LACTALIS CANADA INC.;Lactalis Victoriaville;3115;2011;31;28;31;30;31;30;31;31;30;31;30;31;98000000;88667000;98000000;95000000;98000000;95000000;98000000;98000000;95000000;98000000;95000000;98000000;0;0;0;0;0;0;0;0;0;0;0;0
25;46.06701;-71.97201;23;48;Surface;1;-1;Y2071288;LACTALIS CANADA INC.;Lactalis Victoriaville;3115;2012;31;29;31;30;31;30;31;31;30;31;30;31;98000000;88667000;98000000;95000000;98000000;95000000;98000000;98000000;95000000;98000000;95000000;98000000;0;0;0;0;0;0;0;0;0;0;0;0
25;46.06701;-71.97201;23;48;Surface;1;-1;Y2071288;LACTALIS CANADA INC.;Lactalis Victoriaville;3115;2013;31;28;31;30;31;30;31;31;30;31;30;31;38983190;37548260;40197740;40439770;47769260;52214520;58559560;59316620;55655020;51592600;42488030;36683240;0;0;0;0;0;0;0;0;0;0;0;0
25;46.06701;-71.97201;23;48;Surface;1;-1;Y2071288;LACTALIS CANADA INC.;Lactalis Victoriaville;3115;2014;31;28;31;30;31;30;31;31;30;31;30;31;36761000;34633000;35334000;33893000;34803000;44081000;51148000;56026000;50358000;48552000;44580000;36806000;0;0;0;0;0;0;0;0;0;0;0;0
25;46.06701;-71.97201;23;48;Surface;1;-1;Y2071288;LACTALIS CANADA INC.;Lactalis Victoriaville;3115;2015;31;28;31;30;31;30;31;31;30;30;30;31;32270000;28748000;37508000;42687000;51010000;53307000;54389000;57896000;54317000;49027000;44883000;42346000;0;0;0;0;0;0;0;0;0;0;0;0
25;46.06701;-71.97201;23;48;Surface;1;-1;Y2071288;LACTALIS CANADA INC.;Lactalis Victoriaville;3115;2016;31;29;31;30;31;30;31;31;30;31;30;31;39415000;35482000;40669000;40857000;49250000;53211000;52509000;53385000;48567000;43295000;42728000;42372000;0;0;0;0;0;0;0;0;0;0;0;0
25;46.06701;-71.97201;23;48;Surface;1;-1;Y2071288;LACTALIS CANADA INC.;Lactalis Victoriaville;3115;2017;31;28;28;30;30;30;30;30;30;31;30;31;40453000;35772000;38774000;36757000;47311000;46350000;52913000;51908000;43569000;40637000;37703000;35508000;0;0;0;0;0;0;0;0;0;0;0;0
25;46.06701;-71.97201;23;48;Surface;1;-1;Y2071288;LACTALIS CANADA INC.;Lactalis Victoriaville;3115;2018;31;28;31;30;31;30;31;31;30;31;30;31;42611000;49655000;57340000;50593000;48714000;41516000;53309000;53309000;37695000;42951000;37694000;35505000;31958000;37241000;43005000;37945000;36536000;31137000;39982000;39982000;28271000;32213000;28271000;26629000
25;46.06701;-71.97201;23;48;Surface;1;-1;Y2071288;LACTALIS CANADA INC.;Lactalis Victoriaville;3115;2019;31;28;31;30;31;30;31;31;30;31;30;31;48714000;35009000;42480000;43467000;52969000;50718000;53309000;52296000;48719000;46620000;41511000;42256000;27538024.2;19790587.7;24013944;24571895.1;29943375.7;28670885.4;30135577.7;29562928.8;27540850.7;26354286;23466168.3;23887316.8
25;46.06701;-71.97201;23;48;Surface;1;-1;Y2071288;LACTALIS CANADA INC.;Lactalis Victoriaville;3115;2020;31;28;31;30;31;30;31;31;30;31;30;31;42213000;33223000;31033000;40501000;44874000;47618000;28158000;30137000;41739000;42646000;43098000;33925000;42213000;33223000;31033000;40501000;44874000;47618000;28158000;30137000;41739000;42646000;43098000;33925000
25;46.06701;-71.97201;23;48;Surface;1;-1;Y2071288;LACTALIS CANADA INC.;Lactalis Victoriaville;3115;2021;31;28;31;30;31;30;31;31;30;31;30;30;38169000;34533000;36906000;38921000;44712000;48556000;47151000;47853000;45543000;47386000;40987000;40987000;0;0;0;0;0;0;0;0;0;0;0;0
25;46.06701;-71.97201;23;48;Surface;1;-1;Y2071288;LACTALIS CANADA INC.;Lactalis Victoriaville;3115;2022;31;28;31;30;31;30;31;31;30;31;30;31;45262000;42484000;48355000;50671000;58824000;60820000;55324000;48835000;35122000;47851000;42287000;57055000;0;0;0;0;0;0;0;0;0;0;0;0
25;46.06701;-71.97201;23;48;Surface;1;-1;Y2071288;LACTALIS CANADA INC.;Lactalis Victoriaville;3115;2023;31;28;31;30;31;30;31;31;30;31;30;31;52239000;45925000;51181000;49689000;55909000;52914000;57536000;56632000;53710000;53409000;47811000;49203000;0;0;0;0;0;0;0;0;0;0;0;0
25;46.06701;-71.97201;23;48;Surface;1;-1;Y2071288;LACTALIS CANADA INC.;Lactalis Victoriaville;3115;2024;31;29;31;30;31;30;31;31;30;31;30;31;50955000;46810000;49374000;48460000;54241000;55895000;59013000;57387000;55116000;53339000;50808000;46614000;0;0;0;0;0;0;0;0;0;0;0;0
25;46.06701;-71.97201;23;48;Surface;1;-1;Y2071288;LACTALIS CANADA INC.;Lactalis Victoriaville;3115;MOY;31;28;31;30;31;30;31;31;30;31;30;31;53469679;48388217;53543449;53462385;58959084;59480035;61154571;61265375;57007335;59956600;56036127;55703765;33903008;30084863;32683981;34339298;37117792;35808628;32758526;33227310;32516950;33737762;31611723;28147106
26;45.96753;-71.75585;92;202;Souterrain;1;-1;Y2074746;Pisciculture d'Arthabaska inc.;Pisciculture d'Arthabaska inc.;11251;2016;31;29;31;30;31;30;31;31;30;31;30;31;1413600;1322400;1413600;1368000;1413600;1368000;1413600;1413600;1368000;1413600;1368000;1413600;1413600;1322400;1413600;1368000;1413600;1368000;1413600;1413600;1368000;1413600;1368000;1413600
26;45.96753;-71.75585;92;202;Souterrain;1;-1;Y2074746;Pisciculture d'Arthabaska inc.;Pisciculture d'Arthabaska inc.;11251;2017;31;28;31;30;31;30;31;31;30;30;30;31;1413600;1276800;1413600;1368000;1413600;1368000;1413600;1413600;432000;432000;432000;446400;1413600;1276800;1413600;1368000;1413600;1368000;1413600;1413600;432000;432000;432000;446400
26;45.96753;-71.75585;92;202;Souterrain;1;-1;Y2074746;Pisciculture d'Arthabaska inc.;Pisciculture d'Arthabaska inc.;11251;2018;31;28;31;30;31;30;31;31;30;31;30;31;1413600;1276800;1413600;1368000;1413600;1368000;1413600;1413600;1368000;1413600;1368000;1413600;0;0;0;0;0;0;0;0;0;0;0;0
26;45.96753;-71.75585;92;202;Souterrain;1;-1;Y2074746;Pisciculture d'Arthabaska inc.;Pisciculture d'Arthabaska inc.;11251;2019;31;28;31;30;31;30;31;31;30;31;30;31;1413600;1276800;1413600;1368000;1413600;1368000;1413600;1413600;1368000;1413600;1368000;1413600;0;0;0;0;0;0;0;0;0;0;0;0
26;45.96753;-71.75585;92;202;Souterrain;1;-1;Y2074746;Pisciculture d'Arthabaska inc.;Pisciculture d'Arthabaska inc.;11251;2020;31;29;31;30;31;30;31;31;30;31;30;31;1413600;1322400;1413600;1368000;1413600;1368000;1413600;1413600;1368000;1413600;1368000;1413600;0;0;0;0;0;0;0;0;0;0;0;0
26;45.96753;-71.75585;92;202;Souterrain;1;-1;Y2074746;Pisciculture d'Arthabaska inc.;Pisciculture d'Arthabaska inc.;11251;2021;31;28;31;30;31;30;31;31;30;31;30;31;1413600;1276800;1413600;1368000;1413600;1368000;1413600;1413600;1368000;1413600;1368000;1413600;0;0;0;0;0;0;0;0;0;0;0;0
26;45.96753;-71.75585;92;202;Souterrain;1;-1;Y2074746;Pisciculture d'Arthabaska inc.;Pisciculture d'Arthabaska inc.;11251;2022;31;28;31;30;31;30;31;31;30;31;30;31;744000;672000;744000;720000;744000;720000;744000;744000;720000;744000;720000;744000;0;0;0;0;0;0;0;0;0;0;0;0
26;45.96753;-71.75585;92;202;Souterrain;1;-1;Y2074746;Pisciculture d'Arthabaska inc.;Pisciculture d'Arthabaska inc.;11251;2023;31;28;31;30;31;30;31;31;30;31;30;31;744000;672000;744000;720000;744000;720000;744000;744000;720000;744000;720000;744000;0;0;0;0;0;0;0;0;0;0;0;0
26;45.96753;-71.75585;92;202;Souterrain;1;-1;Y2074746;Pisciculture d'Arthabaska inc.;Pisciculture d'Arthabaska inc.;11251;2024;31;29;31;30;31;30;31;31;30;31;30;31;744000;696000;744000;720000;744000;720000;744000;744000;720000;744000;720000;744000;0;0;0;0;0;0;0;0;0;0;0;0
26;45.96753;-71.75585;92;202;Souterrain;1;-1;Y2074746;Pisciculture d'Arthabaska inc.;Pisciculture d'Arthabaska inc.;11251;MOY;31;28;31;30;31;30;31;31;30;31;30;31;1190400;1088000;1190400;1152000;1190400;1152000;1190400;1190400;1048000;1081333;1048000;1082933;1413600;1299600;1413600;1368000;1413600;1368000;1413600;1413600;900000;922800;900000;930000
27;45.96847;-71.75517;92;202;Souterrain;1;-1;Y2074746;Pisciculture d'Arthabaska inc.;Pisciculture d'Arthabaska inc.;11251;2015;0;0;0;30;31;30;0;0;0;0;0;0;0;0;0;1368000;1413600;1368000;0;0;0;0;0;0;0;0;0;1368000;1413600;1368000;0;0;0;0;0;0
27;45.96847;-71.75517;92;202;Souterrain;1;-1;Y2074746;Pisciculture d'Arthabaska inc.;Pisciculture d'Arthabaska inc.;11251;2016;31;29;31;30;31;30;31;31;30;31;30;31;100;100;100;1368000;1413600;1368000;100;100;100;100;100;100;100;100;100;1368000;1413600;1368000;100;100;100;100;100;100
27;45.96847;-71.75517;92;202;Souterrain;1;-1;Y2074746;Pisciculture d'Arthabaska inc.;Pisciculture d'Arthabaska inc.;11251;2017;0;0;0;30;31;30;31;0;0;0;0;0;0;0;0;432000;446400;432000;446400;0;0;0;0;0;0;0;0;432000;446400;432000;446400;0;0;0;0;0
27;45.96847;-71.75517;92;202;Souterrain;1;-1;Y2074746;Pisciculture d'Arthabaska inc.;Pisciculture d'Arthabaska inc.;11251;2018;0;0;0;0;31;30;31;31;0;0;0;0;0;0;0;0;1413600;1368000;1368000;1413600;0;0;0;0;0;0;0;0;0;0;0;0;0;0;0;0
27;45.96847;-71.75517;92;202;Souterrain;1;-1;Y2074746;Pisciculture d'Arthabaska inc.;Pisciculture d'Arthabaska inc.;11251;2019;31;28;31;30;31;30;31;0;0;31;30;31;1413600;1276800;1413600;1368000;1413600;1368000;1413600;0;0;1413600;1368000;1413600;0;0;0;0;0;0;0;0;0;0;0;0
27;45.96847;-71.75517;92;202;Souterrain;1;-1;Y2074746;Pisciculture d'Arthabaska inc.;Pisciculture d'Arthabaska inc.;11251;2020;31;29;31;30;31;30;31;31;30;31;30;31;1413600;1322400;1413600;1368000;1413600;1368000;1413600;1413600;1368000;1413600;1368000;1413600;0;0;0;0;0;0;0;0;0;0;0;0
27;45.96847;-71.75517;92;202;Souterrain;1;-1;Y2074746;Pisciculture d'Arthabaska inc.;Pisciculture d'Arthabaska inc.;11251;2021;31;28;31;30;31;30;31;31;30;31;30;31;1413600;1276800;1413600;1368000;1413600;1368000;1413600;1413600;1368000;1413600;1368000;1413600;0;0;0;0;0;0;0;0;0;0;0;0
27;45.96847;-71.75517;92;202;Souterrain;1;-1;Y2074746;Pisciculture d'Arthabaska inc.;Pisciculture d'Arthabaska inc.;11251;2022;31;28;31;30;31;30;31;31;30;31;30;31;744000;672000;744000;720000;744000;720000;744000;744000;720000;744000;720000;744000;0;0;0;0;0;0;0;0;0;0;0;0
27;45.96847;-71.75517;92;202;Souterrain;1;-1;Y2074746;Pisciculture d'Arthabaska inc.;Pisciculture d'Arthabaska inc.;11251;2023;31;28;31;30;31;30;31;31;30;31;30;31;1413600;1276800;1413600;1368000;1413600;1368000;1413600;1413600;1368000;1413600;1368000;1413600;0;0;0;0;0;0;0;0;0;0;0;0
27;45.96847;-71.75517;92;202;Souterrain;1;-1;Y2074746;Pisciculture d'Arthabaska inc.;Pisciculture d'Arthabaska inc.;11251;2024;31;29;31;30;31;30;31;31;30;31;30;31;1413600;1322400;1368000;1368000;1413600;1368000;1413600;1413600;1368000;1413600;1368000;1413600;0;0;0;0;0;0;0;0;0;0;0;0
27;45.96847;-71.75517;92;202;Souterrain;1;-1;Y2074746;Pisciculture d'Arthabaska inc.;Pisciculture d'Arthabaska inc.;11251;MOY;31;28;31;30;31;30;31;31;30;31;30;31;1116014;1021043;1109500;1192000;1249920;1209600;1069611;1116014;1032017;1116014;1080014;1116014;100;100;100;1056000;1091200;1056000;223250;100;100;100;100;100
28;45.96844;-71.7546;92;202;Surface;1;-1;Y2074746;Pisciculture d'Arthabaska inc.;Pisciculture d'Arthabaska inc.;11251;2015;31;28;31;30;31;30;31;31;30;31;30;31;43226400;39043200;43226400;41832000;43226400;49968000;51633600;51633600;30888000;31917600;30888000;31917600;43226400;39043200;43226400;41832000;43226400;49968000;51633600;51633600;30888000;31917600;30888000;31917600
28;45.96844;-71.7546;92;202;Surface;1;-1;Y2074746;Pisciculture d'Arthabaska inc.;Pisciculture d'Arthabaska inc.;11251;2016;31;29;31;30;31;30;31;31;30;31;30;31;41832000;40437600;43226400;41832000;43226400;49968000;51633600;51633600;30888000;31917600;30888000;31917600;41832000;40437600;43226400;41832000;43226400;49968000;51633600;51633600;30888000;31917600;30888000;31917600
28;45.96844;-71.7546;92;202;Surface;1;-1;Y2074746;Pisciculture d'Arthabaska inc.;Pisciculture d'Arthabaska inc.;11251;2017;31;28;31;30;31;30;31;31;30;31;30;31;43226400;39043200;43226400;41832000;43226400;49968000;51633600;51633600;30888000;31917600;30888000;31917600;43226400;39043200;43226400;41832000;43226400;49968000;51633600;51633600;30888000;31917600;30888000;31917600
28;45.96844;-71.7546;92;202;Surface;1;-1;Y2074746;Pisciculture d'Arthabaska inc.;Pisciculture d'Arthabaska inc.;11251;2018;31;28;31;30;31;30;31;31;30;31;30;31;43896000;39648000;43896000;42480000;43896000;42480000;43896000;21948000;21240000;43896000;42480000;43896000;0;0;0;0;0;0;0;0;0;0;0;0
28;45.96844;-71.7546;92;202;Surface;1;-1;Y2074746;Pisciculture d'Arthabaska inc.;Pisciculture d'Arthabaska inc.;11251;2019;31;28;31;30;31;30;31;31;30;31;30;31;2238200;2021600;2238200;2166000;2238200;2166000;2238200;2238200;2166000;2238200;2166000;2238200;0;0;0;0;0;0;0;0;0;0;0;0
28;45.96844;-71.7546;92;202;Surface;1;-1;Y2074746;Pisciculture d'Arthabaska inc.;Pisciculture d'Arthabaska inc.;11251;2020;31;29;31;30;31;30;31;31;30;31;30;31;32116000;30044000;32116000;31080000;26040000;7200000;17330000;26858000;25992000;26858000;22968000;23733600;0;0;0;0;0;0;0;0;0;0;0;0
28;45.96844;-71.7546;92;202;Surface;1;-1;Y2074746;Pisciculture d'Arthabaska inc.;Pisciculture d'Arthabaska inc.;11251;2021;31;28;31;30;31;30;31;31;30;31;30;31;19046400;17203200;19046400;19080000;19716000;19080000;11160000;11160000;10800000;19716000;19080000;19716000;0;0;0;0;0;0;0;0;0;0;0;0
28;45.96844;-71.7546;92;202;Surface;1;-1;Y2074746;Pisciculture d'Arthabaska inc.;Pisciculture d'Arthabaska inc.;11251;2022;31;28;31;30;31;30;31;31;30;31;30;31;17112000;15456000;17112000;51120000;52824000;51120000;19344000;19344000;18720000;19344000;16560000;17112000;0;0;0;0;0;0;0;0;0;0;0;0
28;45.96844;-71.7546;92;202;Surface;1;-1;Y2074746;Pisciculture d'Arthabaska inc.;Pisciculture d'Arthabaska inc.;11251;2023;31;28;31;30;31;30;31;31;30;31;30;31;17707200;15993600;17707200;17136000;17707200;17136000;17707200;17707200;17136000;17707200;17136000;17707200;0;0;0;0;0;0;0;0;0;0;0;0
28;45.96844;-71.7546;92;202;Surface;1;-1;Y2074746;Pisciculture d'Arthabaska inc.;Pisciculture d'Arthabaska inc.;11251;2024;31;29;31;30;31;30;31;31;30;31;30;31;41887200;39184800;41887200;40536000;41887200;40536000;41887200;41887200;40536000;41887200;40536000;41887200;0;0;0;0;0;0;0;0;0;0;0;0
28;45.96844;-71.7546;92;202;Surface;1;-1;Y2074746;Pisciculture d'Arthabaska inc.;Pisciculture d'Arthabaska inc.;11251;MOY;31;28;31;30;31;30;31;31;30;31;30;31;30228780;27807520;30368220;32909400;33398780;32962200;30846340;29604340;22925400;26739940;25359000;26204300;42761600;39508000;43226400;41832000;43226400;49968000;51633600;51633600;30888000;31917600;30888000;31917600
29;46.10086;-71.80731;80;173;Souterrain;1;-1;Y2082025;Municipalite de Saint-Norbert-d'Arthabaska;Station de purification Saint-Norbert-d'Arthabaska;22131;2009;0;0;0;0;0;0;0;0;0;31;30;31;0;0;0;0;0;0;0;0;0;2742000;2969000;2936000;0;0;0;0;0;0;0;0;0;0;0;0
29;46.10086;-71.80731;80;173;Souterrain;1;-1;Y2082025;Municipalite de Saint-Norbert-d'Arthabaska;Station de purification Saint-Norbert-d'Arthabaska;22131;2010;31;28;31;30;31;30;31;31;30;31;30;31;2683000;1172000;885000;898000;1281000;1802000;2379000;2224000;2093000;925000;982000;576000;0;0;0;0;0;0;0;0;0;0;0;0
29;46.10086;-71.80731;80;173;Souterrain;1;-1;Y2082025;Municipalite de Saint-Norbert-d'Arthabaska;Station de purification Saint-Norbert-d'Arthabaska;22131;2011;31;28;31;30;31;30;31;31;30;31;30;31;620000;1026000;768000;579000;2196000;1403000;2085000;2771000;1593000;2100000;1393000;844000;0;0;0;0;0;0;0;0;0;0;0;0
29;46.10086;-71.80731;80;173;Souterrain;1;-1;Y2082025;Municipalite de Saint-Norbert-d'Arthabaska;Station de purification Saint-Norbert-d'Arthabaska;22131;2012;31;28;31;30;31;30;31;31;30;31;30;31;886000;1626000;1018000;1035000;2429000;2872000;2763000;1602000;1828000;1986000;1020000;988000;0;0;0;0;0;0;0;0;0;0;0;0
29;46.10086;-71.80731;80;173;Souterrain;1;-1;Y2082025;Municipalite de Saint-Norbert-d'Arthabaska;Station de purification Saint-Norbert-d'Arthabaska;22131;2013;31;28;31;30;31;30;31;30;30;31;30;31;897000;4027000;1071000;1045000;2029000;447000;2474000;2893000;1860000;1042000;494000;534000;0;0;0;0;0;0;0;0;0;0;0;0
29;46.10086;-71.80731;80;173;Souterrain;1;-1;Y2082025;Municipalite de Saint-Norbert-d'Arthabaska;Station de purification Saint-Norbert-d'Arthabaska;22131;2014;31;28;31;30;31;30;31;31;30;31;30;31;2997000;2877000;3181000;3483000;3856000;3801000;4039000;3652000;3798000;3814000;3803000;3809000;0;0;0;0;0;0;0;0;0;0;0;0
29;46.10086;-71.80731;80;173;Souterrain;1;-1;Y2082025;Municipalite de Saint-Norbert-d'Arthabaska;Station de purification Saint-Norbert-d'Arthabaska;22131;2015;31;28;31;30;31;30;31;31;30;31;30;31;3703000;3322000;3334000;3665000;4712000;4320000;4712000;3713000;3241000;3376000;3910000;3948000;0;0;0;0;0;0;0;0;0;0;0;0
29;46.10086;-71.80731;80;173;Souterrain;1;-1;Y2082025;Municipalite de Saint-Norbert-d'Arthabaska;Station de purification Saint-Norbert-d'Arthabaska;22131;2016;31;28;31;30;31;30;31;31;30;31;30;31;757000;741000;606000;702000;604000;641000;629000;372000;348000;309000;337000;539000;0;0;0;0;0;0;0;0;0;0;0;0
29;46.10086;-71.80731;80;173;Souterrain;1;-1;Y2082025;Municipalite de Saint-Norbert-d'Arthabaska;Station de purification Saint-Norbert-d'Arthabaska;22131;2017;31;28;31;30;31;30;31;31;30;31;30;31;537000;472000;563000;604000;697000;747000;610000;895000;1374000;1431000;860000;735000;0;0;0;0;0;0;0;0;0;0;0;0
29;46.10086;-71.80731;80;173;Souterrain;1;-1;Y2082025;Municipalite de Saint-Norbert-d'Arthabaska;Station de purification Saint-Norbert-d'Arthabaska;22131;2018;31;28;31;30;31;30;31;31;30;31;30;31;765000;612000;751000;803000;1142000;1607000;1663000;1409000;809000;902000;574000;428000;0;0;0;0;0;0;0;0;0;0;0;0
29;46.10086;-71.80731;80;173;Souterrain;1;-1;Y2082025;Municipalite de Saint-Norbert-d'Arthabaska;Station de purification Saint-Norbert-d'Arthabaska;22131;2019;31;28;31;30;31;30;31;31;30;31;30;31;509000;468000;560000;541000;756000;1131000;1231000;858000;948000;1036000;631000;576000;0;0;0;0;0;0;0;0;0;0;0;0
29;46.10086;-71.80731;80;173;Souterrain;1;-1;Y2082025;Municipalite de Saint-Norbert-d'Arthabaska;Station de purification Saint-Norbert-d'Arthabaska;22131;2020;31;29;31;30;31;30;31;31;30;31;30;31;562000;569000;639000;651000;1174000;1064000;910000;521000;442000;545000;426000;244000;0;0;0;0;0;0;0;0;0;0;0;0
29;46.10086;-71.80731;80;173;Souterrain;1;-1;Y2082025;Municipalite de Saint-Norbert-d'Arthabaska;Station de purification Saint-Norbert-d'Arthabaska;22131;2021;31;28;31;30;31;30;31;31;30;31;30;31;275000;136000;187000;194000;327000;476000;327000;952000;356000;177000;202000;225000;0;0;0;0;0;0;0;0;0;0;0;0
29;46.10086;-71.80731;80;173;Souterrain;1;-1;Y2082025;Municipalite de Saint-Norbert-d'Arthabaska;Station de purification Saint-Norbert-d'Arthabaska;22131;2022;31;28;31;30;31;30;31;31;30;31;30;31;252000;216000;195000;157000;619000;555000;161000;266000;364000;272000;208000;870000;0;0;0;0;0;0;0;0;0;0;0;0
29;46.10086;-71.80731;80;173;Souterrain;1;-1;Y2082025;Municipalite de Saint-Norbert-d'Arthabaska;Station de purification Saint-Norbert-d'Arthabaska;22131;2023;31;28;31;30;31;30;31;31;30;31;30;31;462000;19000;82000;270000;343000;741000;989000;324000;283000;208000;223000;207000;0;0;0;0;0;0;0;0;0;0;0;0
29;46.10086;-71.80731;80;173;Souterrain;1;-1;Y2082025;Municipalite de Saint-Norbert-d'Arthabaska;Station de purification Saint-Norbert-d'Arthabaska;22131;2024;31;29;31;30;31;30;31;31;30;31;30;31;261000;158000;288000;241000;306000;545000;341000;228000;244000;291000;300000;191000;0;0;0;0;0;0;0;0;0;0;0;0
29;46.10086;-71.80731;80;173;Souterrain;1;-1;Y2082025;Municipalite de Saint-Norbert-d'Arthabaska;Station de purification Saint-Norbert-d'Arthabaska;22131;MOY;31;28;31;30;31;30;31;31;30;31;30;31;1077733;1162733;941867;991200;1498067;1476800;1687533;1512000;1305400;1322250;1145750;1103125;0;0;0;0;0;0;0;0;0;0;0;0
30;46.10092;-71.80553;80;173;Souterrain;1;-1;Y2082025;Municipalite de Saint-Norbert-d'Arthabaska;Station de purification Saint-Norbert-d'Arthabaska;22131;2009;0;0;0;0;0;0;0;0;0;31;30;31;0;0;0;0;0;0;0;0;0;2742000;2969000;2936000;0;0;0;0;0;0;0;0;0;0;0;0
30;46.10092;-71.80553;80;173;Souterrain;1;-1;Y2082025;Municipalite de Saint-Norbert-d'Arthabaska;Station de purification Saint-Norbert-d'Arthabaska;22131;2010;31;28;31;30;31;30;31;31;30;31;30;31;1988000;5672000;6414000;6247000;5934000;5712000;4817000;4734000;4907000;5245000;5179000;5694000;0;0;0;0;0;0;0;0;0;0;0;0
30;46.10092;-71.80553;80;173;Souterrain;1;-1;Y2082025;Municipalite de Saint-Norbert-d'Arthabaska;Station de purification Saint-Norbert-d'Arthabaska;22131;2011;31;28;31;30;31;30;31;31;30;31;30;31;5929000;5410000;6396000;6778000;6941000;7713000;6630000;6160000;6436000;4677000;6613000;6368000;0;0;0;0;0;0;0;0;0;0;0;0
30;46.10092;-71.80553;80;173;Souterrain;1;-1;Y2082025;Municipalite de Saint-Norbert-d'Arthabaska;Station de purification Saint-Norbert-d'Arthabaska;22131;2012;31;28;31;30;31;30;31;31;30;31;30;31;5899000;5282000;5845000;6134000;6322000;5164000;5057000;3962000;3439000;3726000;4840000;4517000;0;0;0;0;0;0;0;0;0;0;0;0
30;46.10092;-71.80553;80;173;Souterrain;1;-1;Y2082025;Municipalite de Saint-Norbert-d'Arthabaska;Station de purification Saint-Norbert-d'Arthabaska;22131;2013;31;28;31;30;31;30;31;31;30;31;30;31;4811000;4027000;4036000;4128000;5197000;4303000;4990000;4573000;5299000;3291000;2813000;2879000;0;0;0;0;0;0;0;0;0;0;0;0
30;46.10092;-71.80553;80;173;Souterrain;1;-1;Y2082025;Municipalite de Saint-Norbert-d'Arthabaska;Station de purification Saint-Norbert-d'Arthabaska;22131;2014;31;28;31;30;31;30;31;30;30;31;30;31;661000;515000;267000;196000;431000;1090000;1299000;633000;639000;280000;225000;394000;0;0;0;0;0;0;0;0;0;0;0;0
30;46.10092;-71.80553;80;173;Souterrain;1;-1;Y2082025;Municipalite de Saint-Norbert-d'Arthabaska;Station de purification Saint-Norbert-d'Arthabaska;22131;2015;31;28;31;30;30;30;31;31;30;31;30;31;309000;271000;1088000;1799000;604000;752000;604000;1619000;1086000;1052000;530000;300000;0;0;0;0;0;0;0;0;0;0;0;0
30;46.10092;-71.80553;80;173;Souterrain;1;-1;Y2082025;Municipalite de Saint-Norbert-d'Arthabaska;Station de purification Saint-Norbert-d'Arthabaska;22131;2016;31;29;31;30;31;30;31;31;30;31;30;31;3258000;3438000;3441000;3451000;4238000;4557000;4567000;4883000;4846000;4057000;3309000;3720000;0;0;0;0;0;0;0;0;0;0;0;0
30;46.10092;-71.80553;80;173;Souterrain;1;-1;Y2082025;Municipalite de Saint-Norbert-d'Arthabaska;Station de purification Saint-Norbert-d'Arthabaska;22131;2017;31;28;31;30;31;30;31;31;30;31;30;31;3573000;3301000;3552000;3766000;4122000;4212000;4136000;4027000;4079000;4509000;4505000;4357000;0;0;0;0;0;0;0;0;0;0;0;0
30;46.10092;-71.80553;80;173;Souterrain;1;-1;Y2082025;Municipalite de Saint-Norbert-d'Arthabaska;Station de purification Saint-Norbert-d'Arthabaska;22131;2018;31;28;31;30;31;30;31;31;30;31;30;31;4126000;3587000;3883000;4082000;4748000;4741000;4457000;3875000;3489000;3401000;3693000;3836000;0;0;0;0;0;0;0;0;0;0;0;0
30;46.10092;-71.80553;80;173;Souterrain;1;-1;Y2082025;Municipalite de Saint-Norbert-d'Arthabaska;Station de purification Saint-Norbert-d'Arthabaska;22131;2019;31;28;31;30;31;30;31;31;30;31;30;31;3680000;3362000;3758000;3598000;3961000;4211000;4427000;3742000;3618000;3844000;3913000;3950000;0;0;0;0;0;0;0;0;0;0;0;0
30;46.10092;-71.80553;80;173;Souterrain;1;-1;Y2082025;Municipalite de Saint-Norbert-d'Arthabaska;Station de purification Saint-Norbert-d'Arthabaska;22131;2020;31;29;31;30;31;30;31;31;30;31;30;31;3809000;3380000;3680000;3576000;4740000;4245000;3748000;3597000;3514000;3593000;3099000;3628000;0;0;0;0;0;0;0;0;0;0;0;0
30;46.10092;-71.80553;80;173;Souterrain;1;-1;Y2082025;Municipalite de Saint-Norbert-d'Arthabaska;Station de purification Saint-Norbert-d'Arthabaska;22131;2021;31;28;31;30;31;30;31;31;30;31;30;31;3344000;3163000;3318000;3617000;5336000;4361000;5336000;3894000;4284000;4818000;3345000;3457000;0;0;0;0;0;0;0;0;0;0;0;0
30;46.10092;-71.80553;80;173;Souterrain;1;-1;Y2082025;Municipalite de Saint-Norbert-d'Arthabaska;Station de purification Saint-Norbert-d'Arthabaska;22131;2022;31;28;31;30;31;30;31;31;30;31;30;31;3482000;3079000;3327000;3301000;4158000;3679000;4616000;4280000;3603000;3602000;3363000;2804000;0;0;0;0;0;0;0;0;0;0;0;0
30;46.10092;-71.80553;80;173;Souterrain;1;-1;Y2082025;Municipalite de Saint-Norbert-d'Arthabaska;Station de purification Saint-Norbert-d'Arthabaska;22131;2023;31;28;31;30;31;30;31;31;30;31;30;31;3331000;3564000;3885000;3847000;4566000;4042000;3875000;3854000;3745000;3650000;3389000;3600000;0;0;0;0;0;0;0;0;0;0;0;0
30;46.10092;-71.80553;80;173;Souterrain;1;-1;Y2082025;Municipalite de Saint-Norbert-d'Arthabaska;Station de purification Saint-Norbert-d'Arthabaska;22131;2024;31;29;31;30;31;30;31;31;30;31;30;31;3672000;3501000;3461000;4055000;4707000;4389000;4760000;4086000;3919000;3853000;3685000;4022000;0;0;0;0;0;0;0;0;0;0;0;0
30;46.10092;-71.80553;80;173;Souterrain;1;-1;Y2082025;Municipalite de Saint-Norbert-d'Arthabaska;Station de purification Saint-Norbert-d'Arthabaska;22131;MOY;31;28;31;30;31;30;31;31;30;31;30;31;3458133;3436800;3756733;3905000;4400333;4211400;4221267;3861267;3793533;3521250;3466875;3528875;0;0;0;0;0;0;0;0;0;0;0;0
31;46.06389;-72.09194;17;37;Surface;1;-1;Y2222195;9263-1266 QUEBEC INC.;9263-1266 Quebec inc.;111993;2023;0;0;0;0;0;0;0;0;0;3;0;0;0;0;0;0;0;0;0;0;0;31008000;0;0;0;0;0;0;0;0;0;0;0;0;0;0
31;46.06389;-72.09194;17;37;Surface;1;-1;Y2222195;9263-1266 QUEBEC INC.;9263-1266 Quebec inc.;111993;2024;0;0;0;0;0;0;0;0;0;3;0;3;0;0;0;0;0;0;0;0;0;31000000;0;19500000;0;0;0;0;0;0;0;0;0;31000000;0;19500000
31;46.06389;-72.09194;17;37;Surface;1;-1;Y2222195;9263-1266 QUEBEC INC.;9263-1266 Quebec inc.;111993;MOY;0;0;0;0;0;0;0;0;0;3;0;3;0;0;0;0;0;0;0;0;0;31004000;0;19500000;0;0;0;0;0;0;0;0;0;31000000;0;19500000
32;46.02755;-72.11599;16;34;Souterrain;1;-1;13427828;MUNICIPALITE DE LA PAROISSE DE SAINT-ELPHEGE;Station de purification Saint-Elphege (post.chl.);22131;2013;31;28;31;30;31;30;31;31;30;31;30;31;2566800;1786400;1914870;2101800;1896890;1851000;2129700;3744800;2163900;2286870;1861500;1807300;0;0;0;0;0;0;0;0;0;0;0;0
32;46.02755;-72.11599;16;34;Souterrain;1;-1;13427828;MUNICIPALITE DE LA PAROISSE DE SAINT-ELPHEGE;Station de purification Saint-Elphege (post.chl.);22131;2014;31;28;31;30;31;30;31;31;30;31;30;31;1776300;1386000;1953000;1854000;1742200;1848000;1652300;1941000;1776300;1881000;1683300;1782500;0;0;0;0;0;0;0;0;0;0;0;0
32;46.02755;-72.11599;16;34;Souterrain;1;-1;13427828;MUNICIPALITE DE LA PAROISSE DE SAINT-ELPHEGE;Station de purification Saint-Elphege (post.chl.);22131;2015;31;28;31;30;31;30;31;31;30;31;30;31;1663000;1789000;2144000;1267000;2675000;1927000;2085000;1978000;1742000;1528000;1967000;1934000;0;0;0;0;0;0;0;0;0;0;0;0
32;46.02755;-72.11599;16;34;Souterrain;1;-1;13427828;MUNICIPALITE DE LA PAROISSE DE SAINT-ELPHEGE;Station de purification Saint-Elphege (post.chl.);22131;2016;31;28;31;30;31;30;31;31;30;31;30;31;1460000;1371000;1450000;1611000;1977000;2034000;2030000;2009000;2051000;1400000;1580000;1908000;0;0;0;0;0;0;0;0;0;0;0;0
32;46.02755;-72.11599;16;34;Souterrain;1;-1;13427828;MUNICIPALITE DE LA PAROISSE DE SAINT-ELPHEGE;Station de purification Saint-Elphege (post.chl.);22131;2017;31;28;31;30;31;30;31;31;30;31;30;31;872000;910000;2066000;2174000;2441000;1394000;2449000;2225000;2471000;2342000;2040000;1622000;0;0;0;0;0;0;0;0;0;0;0;0
32;46.02755;-72.11599;16;34;Souterrain;1;-1;13427828;MUNICIPALITE DE LA PAROISSE DE SAINT-ELPHEGE;Station de purification Saint-Elphege (post.chl.);22131;2018;31;28;31;30;31;30;31;31;30;31;30;31;1980000;1870000;2235000;2400000;2398000;2428000;2521000;2158000;2088000;2280000;2126000;2045000;0;0;0;0;0;0;0;0;0;0;0;0
32;46.02755;-72.11599;16;34;Souterrain;1;-1;13427828;MUNICIPALITE DE LA PAROISSE DE SAINT-ELPHEGE;Station de purification Saint-Elphege (post.chl.);22131;2019;31;28;31;30;31;30;31;31;30;31;30;31;2069000;1922000;1700000;1650000;1954000;2175000;2563000;2385000;2432000;2379000;2308000;2072000;0;0;0;0;0;0;0;0;0;0;0;0
32;46.02755;-72.11599;16;34;Souterrain;1;-1;13427828;MUNICIPALITE DE LA PAROISSE DE SAINT-ELPHEGE;Station de purification Saint-Elphege (post.chl.);22131;2020;31;29;31;30;31;30;31;31;30;31;30;31;2087680;1912940;2075250;2053690;2902990;2541260;2745740;2607150;2607400;3287770;2960550;3091660;0;0;0;0;0;0;0;0;0;0;0;0
32;46.02755;-72.11599;16;34;Souterrain;1;-1;13427828;MUNICIPALITE DE LA PAROISSE DE SAINT-ELPHEGE;Station de purification Saint-Elphege (post.chl.);22131;2021;31;28;31;30;31;30;30;31;30;31;30;31;2359000;2143000;2451000;2111000;3145000;3295000;3295000;2992000;2495000;2828000;2438000;2392000;0;0;0;0;0;0;0;0;0;0;0;0
32;46.02755;-72.11599;16;34;Souterrain;1;-1;13427828;MUNICIPALITE DE LA PAROISSE DE SAINT-ELPHEGE;Station de purification Saint-Elphege (post.chl.);22131;2022;31;28;31;30;31;30;31;31;30;31;30;31;2716320;2445290;2293410;2404910;2647490;2618000;2699370;2695220;2579040;2493640;2464440;1509260;0;0;0;0;0;0;0;0;0;0;0;0
32;46.02755;-72.11599;16;34;Souterrain;1;-1;13427828;MUNICIPALITE DE LA PAROISSE DE SAINT-ELPHEGE;Station de purification Saint-Elphege (post.chl.);22131;2023;31;28;31;30;31;30;31;31;30;31;30;31;1348370;1179500;1342860;1418270;1703480;4145200;1844320;1748520;1652010;1933970;1646260;1720920;0;0;0;0;0;0;0;0;0;0;0;0
32;46.02755;-72.11599;16;34;Souterrain;1;-1;13427828;MUNICIPALITE DE LA PAROISSE DE SAINT-ELPHEGE;Station de purification Saint-Elphege (post.chl.);22131;MOY;31;28;31;30;31;30;31;31;30;31;30;31;1899861;1701375;1965945;1913243;2316641;2386951;2364948;2407608;2187059;2240023;2097732;1989513;0;0;0;0;0;0;0;0;0;0;0;0
33;46.06092;-72.00913;19;41;Surface;1;-1;Y2052606;LES GAZONS STE-JULIE LTEE;Les Gazons Ste-Julie ltee, Arthabaska;1119;2021;0;0;0;0;0;0;0;0;0;0;0;0;0;0;0;0;0;0;0;0;0;0;0;0;0;0;0;0;0;0;0;0;0;0;0;0
33;46.06092;-72.00913;19;41;Surface;1;-1;Y2052606;LES GAZONS STE-JULIE LTEE;Les Gazons Ste-Julie ltee, Arthabaska;1119;2022;0;0;0;0;7;22;17;17;0;0;0;0;0;0;0;0;3725190;13584526;8443764;8443764;0;0;0;0;0;0;0;0;3725190;13584526;8443764;8443764;0;0;0;0
33;46.06092;-72.00913;19;41;Surface;1;-1;Y2052606;LES GAZONS STE-JULIE LTEE;Les Gazons Ste-Julie ltee, Arthabaska;1119;2023;0;0;0;0;0;4;0;0;0;0;0;0;0;0;0;0;0;1134300;0;0;0;0;0;0;0;0;0;0;0;1020870;0;0;0;0;0;0
33;46.06092;-72.00913;19;41;Surface;1;-1;Y2052606;LES GAZONS STE-JULIE LTEE;Les Gazons Ste-Julie ltee, Arthabaska;1119;MOY;0;0;0;0;7;13;17;17;0;0;0;0;0;0;0;0;3725190;7359413;8443764;8443764;0;0;0;0;0;0;0;0;3725190;7302698;8443764;8443764;0;0;0;0
34;45.90154;-71.72158;101;226;Souterrain;1;-1;Y2092328;EXCAVATION MARQUIS TARDIF INC.;Excavation Marquis-Tardif inc. Sabliere, rang 2 lot 20D-P et 21-A-P a Notre-Dame-de-Ham;212323;2014;0;0;0;0;0;0;0;0;0;0;0;0;0;0;0;0;0;0;0;0;0;0;0;0;0;0;0;0;0;0;0;0;0;0;0;0
34;45.90154;-71.72158;101;226;Souterrain;1;-1;Y2092328;EXCAVATION MARQUIS TARDIF INC.;Excavation Marquis-Tardif inc. Sabliere, rang 2 lot 20D-P et 21-A-P a Notre-Dame-de-Ham;212323;2016;0;0;0;0;31;30;31;0;0;0;0;0;0;0;0;0;60833000;58870000;60833000;0;0;0;0;0;0;0;0;0;0;0;0;0;0;0;0;0
34;45.90154;-71.72158;101;226;Souterrain;1;-1;Y2092328;EXCAVATION MARQUIS TARDIF INC.;Excavation Marquis-Tardif inc. Sabliere, rang 2 lot 20D-P et 21-A-P a Notre-Dame-de-Ham;212323;2017;0;0;0;0;0;0;0;0;0;0;0;0;0;0;0;0;0;0;0;0;0;0;0;0;0;0;0;0;0;0;0;0;0;0;0;0
34;45.90154;-71.72158;101;226;Souterrain;1;-1;Y2092328;EXCAVATION MARQUIS TARDIF INC.;Excavation Marquis-Tardif inc. Sabliere, rang 2 lot 20D-P et 21-A-P a Notre-Dame-de-Ham;212323;2018;0;0;0;0;0;0;31;31;30;0;0;0;0;0;0;0;0;0;60833000;60833000;58870000;0;0;0;0;0;0;0;0;0;0;0;0;0;0;0
34;45.90154;-71.72158;101;226;Souterrain;1;-1;Y2092328;EXCAVATION MARQUIS TARDIF INC.;Excavation Marquis-Tardif inc. Sabliere, rang 2 lot 20D-P et 21-A-P a Notre-Dame-de-Ham;212323;2019;0;0;0;0;0;30;31;31;30;31;30;0;0;0;0;0;0;58870000;60833000;60833000;58870000;60833000;58870000;0;0;0;0;0;0;0;0;0;0;0;0;0
34;45.90154;-71.72158;101;226;Souterrain;1;-1;Y2092328;EXCAVATION MARQUIS TARDIF INC.;Excavation Marquis-Tardif inc. Sabliere, rang 2 lot 20D-P et 21-A-P a Notre-Dame-de-Ham;212323;2020;0;0;0;0;0;21;0;0;0;0;0;0;0;0;0;0;0;945000;0;0;0;0;0;0;0;0;0;0;0;945000;0;0;0;0;0;0
34;45.90154;-71.72158;101;226;Souterrain;1;-1;Y2092328;EXCAVATION MARQUIS TARDIF INC.;Excavation Marquis-Tardif inc. Sabliere, rang 2 lot 20D-P et 21-A-P a Notre-Dame-de-Ham;212323;2021;0;0;0;0;0;30;31;31;30;31;30;0;0;0;0;0;0;32400000;33480000;33480000;32400000;33480000;32400000;0;0;0;0;0;0;32400000;33480000;33480000;32400000;33480000;32400000;0
34;45.90154;-71.72158;101;226;Souterrain;1;-1;Y2092328;EXCAVATION MARQUIS TARDIF INC.;Excavation Marquis-Tardif inc. Sabliere, rang 2 lot 20D-P et 21-A-P a Notre-Dame-de-Ham;212323;2022;0;0;0;0;0;30;31;31;30;31;30;0;0;0;0;0;0;43200000;44640000;44640000;43200000;44640000;43200000;0;0;0;0;0;0;0;0;0;0;0;0;0
34;45.90154;-71.72158;101;226;Souterrain;1;-1;Y2092328;EXCAVATION MARQUIS TARDIF INC.;Excavation Marquis-Tardif inc. Sabliere, rang 2 lot 20D-P et 21-A-P a Notre-Dame-de-Ham;212323;MOY;0;0;0;0;31;28;31;31;30;31;30;0;0;0;0;0;60833000;38857000;52123800;49946500;48335000;46317667;44823333;0;0;0;0;0;0;16672500;33480000;33480000;32400000;33480000;32400000;0
35;46.09003;-71.9315;24;51;Souterrain;1;-1;Y2108360;Sural Quebec inc.;Sural Quebec inc., Victoriaville;331317;2014;0;0;0;0;0;0;0;0;0;0;0;0;0;0;0;0;0;0;0;0;0;0;0;0;0;0;0;0;0;0;0;0;0;0;0;0
35;46.09003;-71.9315;24;51;Souterrain;1;-1;Y2108360;Sural Quebec inc.;Sural Quebec inc., Victoriaville;331317;2015;0;0;0;0;0;0;0;0;0;0;0;0;0;0;0;0;0;0;0;0;0;0;0;0;0;0;0;0;0;0;0;0;0;0;0;0
35;46.09003;-71.9315;24;51;Souterrain;1;-1;Y2108360;Sural Quebec inc.;Sural Quebec inc., Victoriaville;331317;2016;0;0;1;30;31;30;31;31;30;31;30;31;0;0;24000;376000;714000;1141000;1385000;1884000;2070000;1971000;1890000;904000;0;0;0;0;0;0;0;0;0;0;0;0
35;46.09003;-71.9315;24;51;Souterrain;1;-1;Y2108360;Sural Quebec inc.;Sural Quebec inc., Victoriaville;331317;2017;31;28;31;30;31;30;31;31;30;31;30;31;1021000;2286000;1842000;1959000;2311000;2042000;2142000;2601000;2334000;2035000;2963000;1942000;0;0;0;0;0;0;0;0;0;0;0;0
35;46.09003;-71.9315;24;51;Souterrain;1;-1;Y2108360;Sural Quebec inc.;Sural Quebec inc., Victoriaville;331317;2018;31;28;31;30;31;30;31;31;30;31;30;31;1647000;2517000;2944000;2520000;3778000;3331000;3002000;2819000;3111000;3748000;4447000;4411000;0;0;0;0;0;0;0;0;0;0;0;0
35;46.09003;-71.9315;24;51;Souterrain;1;-1;Y2108360;Sural Quebec inc.;Sural Quebec inc., Victoriaville;331317;2019;31;28;31;30;31;30;31;31;30;31;30;31;2476000;1793000;1855000;2901000;2950000;2382000;1843000;1585000;1454000;1885000;2450000;2429000;0;0;0;0;0;0;0;0;0;0;0;0
35;46.09003;-71.9315;24;51;Souterrain;1;-1;Y2108360;Sural Quebec inc.;Sural Quebec inc., Victoriaville;331317;MOY;31;28;24;30;31;30;31;31;30;31;30;31;1714667;2198667;1666250;1939000;2438250;2224000;2093000;2222250;2242250;2409750;2937500;2421500;0;0;0;0;0;0;0;0;0;0;0;0
36;46.13333;-71.96667;15;33;Surface;1;-1;Y2099402;Carrieres P.C.M. inc.;Carrieres PCM inc. lots 23B-p, 24A-p et 24B-p, Princeville;21231;2016;0;0;0;0;0;8;31;28;14;7;12;5;0;0;0;0;0;74429000;394382000;145239000;51345000;45001000;45045000;14551000;0;0;0;0;0;74429000;394382000;145239000;51345000;45001000;45045000;14551000
36;46.13333;-71.96667;15;33;Surface;1;-1;Y2099402;Carrieres P.C.M. inc.;Carrieres PCM inc. lots 23B-p, 24A-p et 24B-p, Princeville;21231;2018;0;0;0;12;31;17;10;10;12;3;0;0;0;0;0;89750000;412037000;163823000;30056000;25696000;29309000;4545000;0;0;0;0;0;89750000;412037000;163823000;30056000;25696000;29309000;4545000;0;0
36;46.13333;-71.96667;15;33;Surface;1;-1;Y2099402;Carrieres P.C.M. inc.;Carrieres PCM inc. lots 23B-p, 24A-p et 24B-p, Princeville;21231;MOY;0;0;0;12;31;13;21;19;13;5;12;5;0;0;0;89750000;412037000;119126000;212219000;85467500;40327000;24773000;45045000;14551000;0;0;0;89750000;412037000;119126000;212219000;85467500;40327000;24773000;45045000;14551000
37;45.96677;-71.7573;92;202;Souterrain;1;-1;Y2074746;Pisciculture d'Arthabaska inc.;Pisciculture d'Arthabaska Inc.;11251;2015;30;28;31;30;31;30;31;31;30;31;30;31;1368000;1276800;1413600;1368000;1413600;1368000;1413600;1413600;1368000;1413600;1368000;1413600;1368000;1276800;1413600;1368000;1413600;1368000;1413600;1413600;1368000;1413600;1368000;1413600
37;45.96677;-71.7573;92;202;Souterrain;1;-1;Y2074746;Pisciculture d'Arthabaska inc.;Pisciculture d'Arthabaska Inc.;11251;MOY;30;28;31;30;31;30;31;31;30;31;30;31;1368000;1276800;1413600;1368000;1413600;1368000;1413600;1413600;1368000;1413600;1368000;1413600;1368000;1276800;1413600;1368000;1413600;1368000;1413600;1413600;1368000;1413600;1368000;1413600
38;46.0343;-72.11217;16;34;Souterrain;1;-1;Y2099402;Carrieres P.C.M. inc.;Carrieres PCM (1994) inc. Saint-Valere, 1200 rang Landry, Lot P-458  Saint-Valere;21231;2013;0;0;0;0;0;0;0;0;0;0;0;0;0;0;0;0;0;0;0;0;0;0;0;0;0;0;0;0;0;0;0;0;0;0;0;0
38;46.0343;-72.11217;16;34;Souterrain;1;-1;Y2099402;Carrieres P.C.M. inc.;Carrieres PCM (1994) inc. Saint-Valere, 1200 rang Landry, Lot P-458  Saint-Valere;21231;2014;0;0;0;0;0;4;22;31;14;0;0;0;0;0;0;0;0;23280000;29995000;33308000;14868000;0;0;0;0;0;0;0;0;23280000;29995000;33308000;14868000;0;0;0
38;46.0343;-72.11217;16;34;Souterrain;1;-1;Y2099402;Carrieres P.C.M. inc.;Carrieres PCM (1994) inc. Saint-Valere, 1200 rang Landry, Lot P-458  Saint-Valere;21231;MOY;0;0;0;0;0;4;22;31;14;0;0;0;0;0;0;0;0;23280000;29995000;33308000;14868000;0;0;0;0;0;0;0;0;23280000;29995000;33308000;14868000;0;0;0
39;45.94967;-71.99593;144;331;Souterrain;1;-1;Y2028154;Saputo Produits Laitiers Canada S.E.N.C.;Warwick ;3115;2009;0;0;0;0;0;0;0;0;25;27;26;22;0;0;0;0;0;0;0;0;5127000;5922000;4370000;5184000;0;0;0;0;0;0;0;0;0;0;0;0
39;45.94967;-71.99593;144;331;Souterrain;1;-1;Y2028154;Saputo Produits Laitiers Canada S.E.N.C.;Warwick ;3115;2010;26;26;26;25;27;27;28;27;25;30;27;28;5471000;4425000;4709000;5284000;6103000;6758000;7613000;7007000;6591000;7470000;5878000;7499000;0;0;0;0;0;0;0;0;0;0;0;0
39;45.94967;-71.99593;144;331;Souterrain;1;-1;Y2028154;Saputo Produits Laitiers Canada S.E.N.C.;Warwick ;3115;2012;31;29;31;30;31;30;31;31;30;31;30;31;5945000;6910000;6564000;5837000;7496000;5853000;5847000;6646000;5853000;6188000;7024000;8646000;0;0;0;0;0;0;0;0;0;0;0;0
39;45.94967;-71.99593;144;331;Souterrain;1;-1;Y2028154;Saputo Produits Laitiers Canada S.E.N.C.;Warwick ;3115;2013;31;28;31;30;31;30;31;31;30;31;30;31;8504000;6632000;5030000;5376000;6567000;6019000;7060000;7060000;6631000;5707000;4519000;5302000;0;0;0;0;0;0;0;0;0;0;0;0
39;45.94967;-71.99593;144;331;Souterrain;1;-1;Y2028154;Saputo Produits Laitiers Canada S.E.N.C.;Warwick ;3115;2014;31;28;31;30;31;0;0;0;0;0;0;0;5144000;4050000;3035000;3316000;3272000;0;0;0;0;0;0;0;0;0;0;0;0;0;0;0;0;0;0;0
39;45.94967;-71.99593;144;331;Souterrain;1;-1;Y2028154;Saputo Produits Laitiers Canada S.E.N.C.;Warwick ;3115;MOY;30;28;30;29;30;29;30;30;28;30;28;28;6266000;5504250;4834500;4953250;5859500;6210000;6840000;6904333;6050500;6321750;5447750;6657750;0;0;0;0;0;0;0;0;0;0;0;0
40;46.11319;-71.8974;24;51;Souterrain;1;-1;Y2041701;Club de Golf Laurier Inc.;Station de purification Club de golf Laurier (aut.trait.);22131;2014;31;28;31;30;31;30;31;31;30;31;30;31;1000;1000;1000;1000;1000;1000;1000;1000;1000;1000;1000;1000;0;0;0;0;0;0;0;0;0;0;0;0
40;46.11319;-71.8974;24;51;Souterrain;1;-1;Y2041701;Club de Golf Laurier Inc.;Station de purification Club de golf Laurier (aut.trait.);22131;MOY;31;28;31;30;31;30;31;31;30;31;30;31;1000;1000;1000;1000;1000;1000;1000;1000;1000;1000;1000;1000;0;0;0;0;0;0;0;0;0;0;0;0
41;45.95003;-71.98288;144;331;Souterrain;1;-1;Y2028154;Saputo Produits Laitiers Canada S.E.N.C.;Usine de Warwick;3115;2011;31;28;31;30;31;30;31;31;30;31;30;31;6257000;7032000;6603000;7393000;7035000;7528000;6447000;7243000;7728000;7178000;7484000;7797000;0;0;0;0;0;0;0;0;0;0;0;0
41;45.95003;-71.98288;144;331;Souterrain;1;-1;Y2028154;Saputo Produits Laitiers Canada S.E.N.C.;Usine de Warwick;3115;MOY;31;28;31;30;31;30;31;31;30;31;30;31;6257000;7032000;6603000;7393000;7035000;7528000;6447000;7243000;7728000;7178000;7484000;7797000;0;0;0;0;0;0;0;0;0;0;0;0
42;46.10577;-71.89888;24;51;Surface;1;-1;Y2041701;Club de Golf Laurier Inc.;Club de golf Laurier inc.;71391;2011;0;0;0;0;0;2;1;1;0;0;0;0;0;0;0;0;0;813000;406000;406000;0;0;0;0;0;0;0;0;0;0;0;0;0;0;0;0
42;46.10577;-71.89888;24;51;Surface;1;-1;Y2041701;Club de Golf Laurier Inc.;Club de golf Laurier inc.;71391;MOY;0;0;0;0;0;2;1;1;0;0;0;0;0;0;0;0;0;813000;406000;406000;0;0;0;0;0;0;0;0;0;0;0;0;0;0;0;0
43;46.10945;-71.91135;24;51;Souterrain;1;-1;Y0302170;Gestion Labrise inc.;Systeme d'approvisionnement sans traitement Camping Plage des Sables (app);22131;2009;0;0;0;0;0;0;0;0;0;0;0;0;0;0;0;0;0;0;0;0;0;0;0;0;0;0;0;0;0;0;0;0;0;0;0;0
43;46.10945;-71.91135;24;51;Souterrain;1;-1;Y0302170;Gestion Labrise inc.;Systeme d'approvisionnement sans traitement Camping Plage des Sables (app);22131;2010;0;0;0;0;31;30;31;31;6;0;0;0;0;0;0;0;166000;526000;825000;671000;126000;0;0;0;0;0;0;0;0;0;0;0;0;0;0;0
43;46.10945;-71.91135;24;51;Souterrain;1;-1;Y0302170;Gestion Labrise inc.;Systeme d'approvisionnement sans traitement Camping Plage des Sables (app);22131;2011;0;0;0;0;19;30;31;31;11;0;0;0;0;0;0;0;166000;525000;825000;671000;136000;0;0;0;0;0;0;0;0;0;0;0;0;0;0;0
43;46.10945;-71.91135;24;51;Souterrain;1;-1;Y0302170;Gestion Labrise inc.;Systeme d'approvisionnement sans traitement Camping Plage des Sables (app);22131;MOY;0;0;0;0;25;30;31;31;9;0;0;0;0;0;0;0;166000;525500;825000;671000;131000;0;0;0;0;0;0;0;0;0;0;0;0;0;0;0
44;45.91337;-71.63305;106;238;Souterrain;1;-1;13431002;Canton de Ham-Nord;Station de purification Ham-Nord (post.chl.);22131;2009;0;0;0;0;0;0;0;0;0;0;0;31;0;0;0;0;0;0;0;0;0;0;0;816600;0;0;0;0;0;0;0;0;0;0;0;0
44;45.91337;-71.63305;106;238;Souterrain;1;-1;13431002;Canton de Ham-Nord;Station de purification Ham-Nord (post.chl.);22131;2010;31;28;31;30;31;0;0;31;30;0;0;0;744000;481000;401000;680000;758000;0;0;449000;528000;0;0;0;0;0;0;0;0;0;0;0;0;0;0;0
44;45.91337;-71.63305;106;238;Souterrain;1;-1;13431002;Canton de Ham-Nord;Station de purification Ham-Nord (post.chl.);22131;MOY;31;28;31;30;31;0;0;31;30;0;0;31;744000;481000;401000;680000;758000;0;0;449000;528000;0;0;816600;0;0;0;0;0;0;0;0;0;0;0;0
45;45.931;-71.95623;140;321;Souterrain;1;-1;Y2036246;Station du Mont Gleason inc.;Station du Mont Gleason inc.;71392;2009;0;0;0;0;0;0;0;0;0;31;30;31;0;0;0;0;0;0;0;0;0;1906500;1845000;1906500;0;0;0;0;0;0;0;0;0;0;0;0
45;45.931;-71.95623;140;321;Souterrain;1;-1;Y2036246;Station du Mont Gleason inc.;Station du Mont Gleason inc.;71392;MOY;0;0;0;0;0;0;0;0;0;31;30;31;0;0;0;0;0;0;0;0;0;1906500;1845000;1906500;0;0;0;0;0;0;0;0;0;0;0;0
46;45.93273;-71.9544;140;321;Souterrain;1;-1;Y2036246;Station du Mont Gleason inc.;Station du Mont Gleason inc.;71392;2009;0;0;0;0;0;0;0;0;0;24;29;31;0;0;0;0;0;0;0;0;0;231000;252000;167000;0;0;0;0;0;0;0;0;0;0;0;0
46;45.93273;-71.9544;140;321;Souterrain;1;-1;Y2036246;Station du Mont Gleason inc.;Station du Mont Gleason inc.;71392;MOY;0;0;0;0;0;0;0;0;0;24;29;31;0;0;0;0;0;0;0;0;0;231000;252000;167000;0;0;0;0;0;0;0;0;0;0;0;0
